Datetime,City,Temperature_C,Feels_Like_C,Humidity_%,Wind_kph,Pressure_hPa,UV_Index,Weather_Condition,Weather_Icon,Sunrise,Sunset
2025-07-23 00:00:00,Athens,34.4,33.7,50,9.8,992.0,1,Rainy,🌧️,06:30:00,20:00:00
2025-07-23 01:00:00,Athens,27.1,25.3,77,5.6,1012.2,6,Snowy,❄️,06:30:00,20:00:00
2025-07-23 02:00:00,Athens,26.0,23.6,40,17.1,984.6,3,Sunny,☀️,06:30:00,20:00:00
2025-07-23 03:00:00,Athens,15.4,13.1,71,16.1,996.0,2,Hazy,🌫️,06:30:00,20:00:00
2025-07-23 04:00:00,Athens,17.0,15.4,40,15.1,1013.0,9,Stormy,🌩️,06:30:00,20:00:00
2025-07-23 05:00:00,Athens,28.9,28.5,85,7.3,1015.9,3,Snowy,❄️,06:30:00,20:00:00
2025-07-23 06:00:00,Athens,28.9,27.0,89,24.1,1017.5,5,Stormy,🌩️,06:30:00,20:00:00
2025-07-23 07:00:00,Athens,23.6,23.0,83,17.5,1031.3,5,Cloudy,☁️,06:30:00,20:00:00
2025-07-23 08:00:00,Athens,24.7,23.8,85,8.1,1000.6,3,Stormy,🌩️,06:30:00,20:00:00
2025-07-23 09:00:00,Athens,20.4,19.7,44,12.5,1034.6,3,Stormy,🌩️,06:30:00,20:00:00
2025-07-23 10:00:00,Athens,31.9,29.6,59,17.2,1026.3,8,Rainy,🌧️,06:30:00,20:00:00
2025-07-23 11:00:00,Athens,34.4,34.2,40,21.7,995.6,5,Stormy,🌩️,06:30:00,20:00:00
2025-07-23 12:00:00,Athens,17.7,16.5,87,13.8,986.0,8,Hazy,🌫️,06:30:00,20:00:00
2025-07-23 13:00:00,Athens,21.6,19.9,79,4.8,1014.1,7,Hazy,🌫️,06:30:00,20:00:00
2025-07-23 14:00:00,Athens,31.9,31.5,47,6.4,1002.3,10,Sunny,☀️,06:30:00,20:00:00
2025-07-23 15:00:00,Athens,28.9,27.2,53,20.8,995.4,1,Sunny,☀️,06:30:00,20:00:00
2025-07-23 16:00:00,Athens,24.2,23.2,52,7.5,999.2,10,Hazy,🌫️,06:30:00,20:00:00
2025-07-23 17:00:00,Athens,20.5,19.6,90,7.1,1010.3,7,Cloudy,☁️,06:30:00,20:00:00
2025-07-23 18:00:00,Athens,17.0,15.6,84,2.4,982.6,8,Snowy,❄️,06:30:00,20:00:00
2025-07-23 19:00:00,Athens,21.5,20.2,48,17.7,999.3,7,Cloudy,☁️,06:30:00,20:00:00
2025-07-23 20:00:00,Athens,29.5,28.4,72,21.3,1033.7,9,Sunny,☀️,06:30:00,20:00:00
2025-07-23 21:00:00,Athens,21.0,18.7,80,22.1,1025.4,7,Cloudy,☁️,06:30:00,20:00:00
2025-07-23 22:00:00,Athens,34.8,33.0,55,16.0,1030.8,9,Snowy,❄️,06:30:00,20:00:00
2025-07-23 23:00:00,Athens,30.0,28.6,72,3.3,989.6,4,Cloudy,☁️,06:30:00,20:00:00
2025-07-24 00:00:00,Athens,20.6,20.0,67,8.4,1031.0,8,Cloudy,☁️,06:30:00,20:00:00
2025-07-24 01:00:00,Athens,30.6,29.3,50,22.8,1031.8,3,Snowy,❄️,06:30:00,20:00:00
2025-07-24 02:00:00,Athens,22.0,20.2,59,12.9,1022.8,9,Snowy,❄️,06:30:00,20:00:00
2025-07-24 03:00:00,Athens,19.4,16.9,56,22.2,999.6,8,Cloudy,☁️,06:30:00,20:00:00
2025-07-24 04:00:00,Athens,28.7,26.3,84,2.5,1000.8,10,Rainy,🌧️,06:30:00,20:00:00
2025-07-24 05:00:00,Athens,27.1,25.9,85,7.5,983.1,9,Hazy,🌫️,06:30:00,20:00:00
2025-07-24 06:00:00,Athens,34.0,32.5,77,12.7,1008.9,7,Cloudy,☁️,06:30:00,20:00:00
2025-07-24 07:00:00,Athens,33.2,31.8,42,9.5,999.9,5,Stormy,🌩️,06:30:00,20:00:00
2025-07-24 08:00:00,Athens,31.3,30.3,77,7.1,983.9,1,Stormy,🌩️,06:30:00,20:00:00
2025-07-24 09:00:00,Athens,30.4,28.1,55,9.0,1007.4,1,Sunny,☀️,06:30:00,20:00:00
2025-07-24 10:00:00,Athens,32.3,30.4,75,9.6,992.0,7,Stormy,🌩️,06:30:00,20:00:00
2025-07-24 11:00:00,Athens,34.2,32.5,46,14.9,988.8,1,Stormy,🌩️,06:30:00,20:00:00
2025-07-24 12:00:00,Athens,28.0,26.5,82,18.7,1029.4,8,Hazy,🌫️,06:30:00,20:00:00
2025-07-24 13:00:00,Athens,33.5,33.2,42,18.9,998.5,3,Hazy,🌫️,06:30:00,20:00:00
2025-07-24 14:00:00,Athens,28.8,26.5,63,20.5,1032.4,4,Stormy,🌩️,06:30:00,20:00:00
2025-07-24 15:00:00,Athens,34.9,33.9,40,13.9,996.1,4,Snowy,❄️,06:30:00,20:00:00
2025-07-24 16:00:00,Athens,21.9,21.3,59,20.1,997.2,8,Stormy,🌩️,06:30:00,20:00:00
2025-07-24 17:00:00,Athens,34.8,32.4,51,24.4,991.7,3,Stormy,🌩️,06:30:00,20:00:00
2025-07-24 18:00:00,Athens,22.5,21.4,66,8.9,1034.3,9,Snowy,❄️,06:30:00,20:00:00
2025-07-24 19:00:00,Athens,17.1,16.1,87,14.0,1023.7,5,Rainy,🌧️,06:30:00,20:00:00
2025-07-24 20:00:00,Athens,16.8,15.4,50,18.8,990.2,7,Sunny,☀️,06:30:00,20:00:00
2025-07-24 21:00:00,Athens,34.6,33.3,88,10.6,995.4,9,Rainy,🌧️,06:30:00,20:00:00
2025-07-24 22:00:00,Athens,27.1,25.7,90,23.7,1016.8,8,Cloudy,☁️,06:30:00,20:00:00
2025-07-24 23:00:00,Athens,24.8,23.5,77,15.1,1012.0,8,Snowy,❄️,06:30:00,20:00:00
2025-07-25 00:00:00,Athens,19.3,18.9,43,18.0,1018.1,7,Stormy,🌩️,06:30:00,20:00:00
2025-07-25 01:00:00,Athens,30.3,29.6,76,8.0,1018.3,1,Stormy,🌩️,06:30:00,20:00:00
2025-07-25 02:00:00,Athens,22.8,21.3,90,21.2,1024.3,8,Sunny,☀️,06:30:00,20:00:00
2025-07-25 03:00:00,Athens,26.8,26.3,81,24.2,1001.1,9,Sunny,☀️,06:30:00,20:00:00
2025-07-25 04:00:00,Athens,28.8,28.0,46,24.4,1001.2,8,Snowy,❄️,06:30:00,20:00:00
2025-07-25 05:00:00,Athens,23.0,22.5,63,14.5,1034.7,10,Cloudy,☁️,06:30:00,20:00:00
2025-07-25 06:00:00,Athens,16.9,16.2,82,21.5,994.4,10,Rainy,🌧️,06:30:00,20:00:00
2025-07-25 07:00:00,Athens,20.5,19.5,64,8.4,994.4,7,Rainy,🌧️,06:30:00,20:00:00
2025-07-25 08:00:00,Athens,29.8,27.8,88,15.3,1002.8,9,Cloudy,☁️,06:30:00,20:00:00
2025-07-25 09:00:00,Athens,28.1,27.6,85,24.6,983.5,2,Rainy,🌧️,06:30:00,20:00:00
2025-07-25 10:00:00,Athens,16.6,15.7,63,12.8,994.0,9,Stormy,🌩️,06:30:00,20:00:00
2025-07-25 11:00:00,Athens,29.5,27.1,67,3.5,1002.7,8,Rainy,🌧️,06:30:00,20:00:00
2025-07-25 12:00:00,Athens,24.1,22.1,43,19.3,1023.0,4,Rainy,🌧️,06:30:00,20:00:00
2025-07-25 13:00:00,Athens,23.3,21.9,56,9.4,1011.4,8,Stormy,🌩️,06:30:00,20:00:00
2025-07-25 14:00:00,Athens,16.0,14.3,71,20.3,1020.5,7,Snowy,❄️,06:30:00,20:00:00
2025-07-25 15:00:00,Athens,23.0,22.7,48,20.0,987.3,1,Sunny,☀️,06:30:00,20:00:00
2025-07-25 16:00:00,Athens,18.9,18.8,78,10.3,983.7,10,Stormy,🌩️,06:30:00,20:00:00
2025-07-25 17:00:00,Athens,23.0,22.8,50,7.7,1010.3,9,Stormy,🌩️,06:30:00,20:00:00
2025-07-25 18:00:00,Athens,32.1,31.9,48,22.2,1007.9,9,Cloudy,☁️,06:30:00,20:00:00
2025-07-25 19:00:00,Athens,33.7,32.1,85,5.7,1021.7,4,Stormy,🌩️,06:30:00,20:00:00
2025-07-25 20:00:00,Athens,27.9,26.3,58,18.6,1028.8,1,Hazy,🌫️,06:30:00,20:00:00
2025-07-25 21:00:00,Athens,31.8,31.3,40,12.0,1017.6,10,Cloudy,☁️,06:30:00,20:00:00
2025-07-25 22:00:00,Athens,19.2,17.3,85,19.0,1000.3,3,Sunny,☀️,06:30:00,20:00:00
2025-07-25 23:00:00,Athens,15.4,15.0,47,6.7,1012.2,1,Stormy,🌩️,06:30:00,20:00:00
2025-07-26 00:00:00,Athens,19.7,19.5,72,19.6,1009.6,5,Snowy,❄️,06:30:00,20:00:00
2025-07-26 01:00:00,Athens,20.8,20.5,60,20.0,1020.6,8,Stormy,🌩️,06:30:00,20:00:00
2025-07-26 02:00:00,Athens,34.6,33.7,75,12.6,1018.4,1,Hazy,🌫️,06:30:00,20:00:00
2025-07-26 03:00:00,Athens,29.8,28.9,88,19.9,986.9,3,Sunny,☀️,06:30:00,20:00:00
2025-07-26 04:00:00,Athens,26.3,24.3,75,14.2,1030.4,1,Snowy,❄️,06:30:00,20:00:00
2025-07-26 05:00:00,Athens,18.9,17.6,77,8.7,998.4,6,Sunny,☀️,06:30:00,20:00:00
2025-07-26 06:00:00,Athens,19.5,19.1,43,11.6,998.8,3,Hazy,🌫️,06:30:00,20:00:00
2025-07-26 07:00:00,Athens,19.4,17.1,47,16.7,981.9,8,Hazy,🌫️,06:30:00,20:00:00
2025-07-26 08:00:00,Athens,33.9,32.8,40,5.4,1031.2,7,Hazy,🌫️,06:30:00,20:00:00
2025-07-26 09:00:00,Athens,28.5,27.2,60,4.7,1019.6,8,Cloudy,☁️,06:30:00,20:00:00
2025-07-26 10:00:00,Athens,27.2,26.7,43,20.3,994.2,5,Hazy,🌫️,06:30:00,20:00:00
2025-07-26 11:00:00,Athens,15.4,14.4,59,12.9,1027.7,8,Rainy,🌧️,06:30:00,20:00:00
2025-07-26 12:00:00,Athens,24.5,23.8,51,20.1,985.9,7,Snowy,❄️,06:30:00,20:00:00
2025-07-26 13:00:00,Athens,32.6,31.2,77,13.1,1017.7,7,Stormy,🌩️,06:30:00,20:00:00
2025-07-26 14:00:00,Athens,18.1,16.0,63,20.8,1030.1,6,Sunny,☀️,06:30:00,20:00:00
2025-07-26 15:00:00,Athens,22.9,22.1,71,8.1,1028.0,10,Stormy,🌩️,06:30:00,20:00:00
2025-07-26 16:00:00,Athens,32.7,32.1,47,15.7,1009.4,1,Cloudy,☁️,06:30:00,20:00:00
2025-07-26 17:00:00,Athens,25.5,23.1,42,22.6,995.1,4,Cloudy,☁️,06:30:00,20:00:00
2025-07-26 18:00:00,Athens,32.9,32.1,42,14.1,1031.5,1,Rainy,🌧️,06:30:00,20:00:00
2025-07-26 19:00:00,Athens,33.7,32.2,55,10.8,993.3,6,Sunny,☀️,06:30:00,20:00:00
2025-07-26 20:00:00,Athens,19.2,18.3,71,24.4,990.5,8,Sunny,☀️,06:30:00,20:00:00
2025-07-26 21:00:00,Athens,24.9,24.3,59,5.0,998.3,9,Rainy,🌧️,06:30:00,20:00:00
2025-07-26 22:00:00,Athens,24.0,22.1,53,16.2,1025.1,5,Hazy,🌫️,06:30:00,20:00:00
2025-07-26 23:00:00,Athens,21.7,20.1,85,9.6,982.6,8,Snowy,❄️,06:30:00,20:00:00
2025-07-27 00:00:00,Athens,17.8,15.5,59,20.9,1008.2,5,Cloudy,☁️,06:30:00,20:00:00
2025-07-27 01:00:00,Athens,15.4,14.1,69,20.8,990.4,9,Cloudy,☁️,06:30:00,20:00:00
2025-07-27 02:00:00,Athens,24.1,22.7,87,23.2,993.6,10,Stormy,🌩️,06:30:00,20:00:00
2025-07-27 03:00:00,Athens,32.8,31.4,40,22.4,1006.2,8,Cloudy,☁️,06:30:00,20:00:00
2025-07-27 04:00:00,Athens,19.4,18.3,47,16.4,1015.6,1,Sunny,☀️,06:30:00,20:00:00
2025-07-27 05:00:00,Athens,16.7,14.6,61,5.7,1017.9,7,Sunny,☀️,06:30:00,20:00:00
2025-07-27 06:00:00,Athens,16.7,15.4,79,19.3,1030.2,3,Hazy,🌫️,06:30:00,20:00:00
2025-07-27 07:00:00,Athens,20.6,19.8,59,24.2,1031.7,7,Rainy,🌧️,06:30:00,20:00:00
2025-07-27 08:00:00,Athens,19.2,18.6,71,9.8,997.1,7,Stormy,🌩️,06:30:00,20:00:00
2025-07-27 09:00:00,Athens,30.1,29.9,48,18.0,1033.2,2,Rainy,🌧️,06:30:00,20:00:00
2025-07-27 10:00:00,Athens,30.3,28.7,49,5.1,1019.2,1,Rainy,🌧️,06:30:00,20:00:00
2025-07-27 11:00:00,Athens,23.1,22.1,67,18.7,1003.9,7,Hazy,🌫️,06:30:00,20:00:00
2025-07-27 12:00:00,Athens,27.5,26.1,65,5.0,998.5,7,Stormy,🌩️,06:30:00,20:00:00
2025-07-27 13:00:00,Athens,18.2,18.2,79,3.0,1014.6,8,Cloudy,☁️,06:30:00,20:00:00
2025-07-27 14:00:00,Athens,20.4,20.1,50,2.1,980.0,4,Cloudy,☁️,06:30:00,20:00:00
2025-07-27 15:00:00,Athens,21.7,21.1,66,19.5,1015.3,6,Rainy,🌧️,06:30:00,20:00:00
2025-07-27 16:00:00,Athens,23.8,22.9,85,9.8,988.6,2,Sunny,☀️,06:30:00,20:00:00
2025-07-27 17:00:00,Athens,29.1,28.0,44,4.5,1009.4,2,Sunny,☀️,06:30:00,20:00:00
2025-07-27 18:00:00,Athens,34.0,32.4,46,5.3,1001.0,9,Snowy,❄️,06:30:00,20:00:00
2025-07-27 19:00:00,Athens,21.3,19.9,57,21.7,1014.8,8,Rainy,🌧️,06:30:00,20:00:00
2025-07-27 20:00:00,Athens,24.8,23.4,78,10.5,1006.9,8,Snowy,❄️,06:30:00,20:00:00
2025-07-27 21:00:00,Athens,17.4,16.4,68,13.0,997.8,3,Snowy,❄️,06:30:00,20:00:00
2025-07-27 22:00:00,Athens,34.4,33.5,63,23.5,1015.4,5,Hazy,🌫️,06:30:00,20:00:00
2025-07-27 23:00:00,Athens,24.6,22.7,43,16.9,991.8,3,Hazy,🌫️,06:30:00,20:00:00
2025-07-28 00:00:00,Athens,33.3,32.7,79,2.9,1006.2,4,Hazy,🌫️,06:30:00,20:00:00
2025-07-28 01:00:00,Athens,33.4,31.2,76,6.4,988.0,3,Rainy,🌧️,06:30:00,20:00:00
2025-07-28 02:00:00,Athens,28.1,26.0,57,12.4,992.4,10,Rainy,🌧️,06:30:00,20:00:00
2025-07-28 03:00:00,Athens,32.8,30.9,72,12.4,1032.5,6,Rainy,🌧️,06:30:00,20:00:00
2025-07-28 04:00:00,Athens,34.4,32.7,55,23.8,994.4,2,Sunny,☀️,06:30:00,20:00:00
2025-07-28 05:00:00,Athens,29.0,28.4,75,17.9,995.4,2,Cloudy,☁️,06:30:00,20:00:00
2025-07-28 06:00:00,Athens,17.4,15.9,49,4.4,996.8,9,Snowy,❄️,06:30:00,20:00:00
2025-07-28 07:00:00,Athens,31.0,31.0,87,24.9,990.6,8,Hazy,🌫️,06:30:00,20:00:00
2025-07-28 08:00:00,Athens,34.7,33.8,44,22.5,1004.3,2,Cloudy,☁️,06:30:00,20:00:00
2025-07-28 09:00:00,Athens,29.2,28.2,81,4.0,1016.4,4,Snowy,❄️,06:30:00,20:00:00
2025-07-28 10:00:00,Athens,23.2,21.0,79,2.8,988.2,5,Rainy,🌧️,06:30:00,20:00:00
2025-07-28 11:00:00,Athens,34.0,32.0,63,15.8,1000.9,2,Sunny,☀️,06:30:00,20:00:00
2025-07-28 12:00:00,Athens,23.4,21.8,43,5.8,1027.7,5,Sunny,☀️,06:30:00,20:00:00
2025-07-28 13:00:00,Athens,16.8,15.3,82,24.7,989.3,5,Sunny,☀️,06:30:00,20:00:00
2025-07-28 14:00:00,Athens,21.8,20.5,76,9.2,1028.0,1,Cloudy,☁️,06:30:00,20:00:00
2025-07-28 15:00:00,Athens,34.2,34.0,51,16.8,995.5,7,Snowy,❄️,06:30:00,20:00:00
2025-07-28 16:00:00,Athens,26.0,25.0,47,16.4,1004.5,4,Stormy,🌩️,06:30:00,20:00:00
2025-07-28 17:00:00,Athens,29.3,27.4,81,19.0,1016.0,4,Rainy,🌧️,06:30:00,20:00:00
2025-07-28 18:00:00,Athens,30.4,29.6,65,22.4,991.2,8,Rainy,🌧️,06:30:00,20:00:00
2025-07-28 19:00:00,Athens,32.4,30.7,62,13.0,1023.2,2,Cloudy,☁️,06:30:00,20:00:00
2025-07-28 20:00:00,Athens,29.0,27.6,89,2.8,1014.6,8,Sunny,☀️,06:30:00,20:00:00
2025-07-28 21:00:00,Athens,24.9,24.2,54,16.4,1007.3,2,Stormy,🌩️,06:30:00,20:00:00
2025-07-28 22:00:00,Athens,17.2,16.5,80,4.4,1017.6,9,Stormy,🌩️,06:30:00,20:00:00
2025-07-28 23:00:00,Athens,15.9,13.5,42,5.7,999.5,9,Hazy,🌫️,06:30:00,20:00:00
2025-07-29 00:00:00,Athens,28.1,26.2,50,4.3,1019.2,8,Stormy,🌩️,06:30:00,20:00:00
2025-07-29 01:00:00,Athens,22.8,22.2,65,18.3,1010.1,2,Cloudy,☁️,06:30:00,20:00:00
2025-07-29 02:00:00,Athens,22.5,22.3,74,15.7,991.0,8,Stormy,🌩️,06:30:00,20:00:00
2025-07-29 03:00:00,Athens,26.9,25.9,43,7.0,994.3,8,Snowy,❄️,06:30:00,20:00:00
2025-07-29 04:00:00,Athens,21.0,19.7,44,22.8,1011.7,3,Snowy,❄️,06:30:00,20:00:00
2025-07-29 05:00:00,Athens,19.8,18.1,54,5.0,1000.8,6,Cloudy,☁️,06:30:00,20:00:00
2025-07-29 06:00:00,Athens,19.2,16.8,52,24.5,980.7,3,Hazy,🌫️,06:30:00,20:00:00
2025-07-29 07:00:00,Athens,22.8,20.4,81,5.6,1028.0,5,Snowy,❄️,06:30:00,20:00:00
2025-07-29 08:00:00,Athens,26.6,24.6,62,4.9,1029.5,10,Rainy,🌧️,06:30:00,20:00:00
2025-07-29 09:00:00,Athens,23.6,23.1,64,20.1,985.5,10,Hazy,🌫️,06:30:00,20:00:00
2025-07-29 10:00:00,Athens,30.9,30.8,85,4.1,986.1,3,Sunny,☀️,06:30:00,20:00:00
2025-07-29 11:00:00,Athens,28.6,27.2,55,13.4,1034.8,5,Sunny,☀️,06:30:00,20:00:00
2025-07-29 12:00:00,Athens,15.9,15.7,76,17.3,1003.9,6,Sunny,☀️,06:30:00,20:00:00
2025-07-29 13:00:00,Athens,24.1,23.9,50,20.7,993.4,6,Stormy,🌩️,06:30:00,20:00:00
2025-07-29 14:00:00,Athens,33.3,31.0,54,17.9,987.2,2,Sunny,☀️,06:30:00,20:00:00
2025-07-29 15:00:00,Athens,34.1,32.7,79,13.4,989.7,3,Rainy,🌧️,06:30:00,20:00:00
2025-07-29 16:00:00,Athens,21.2,20.5,41,3.2,1026.3,4,Sunny,☀️,06:30:00,20:00:00
2025-07-29 17:00:00,Athens,18.2,16.4,73,4.5,994.7,1,Hazy,🌫️,06:30:00,20:00:00
2025-07-29 18:00:00,Athens,28.1,25.8,86,20.6,1012.9,3,Stormy,🌩️,06:30:00,20:00:00
2025-07-29 19:00:00,Athens,29.7,27.7,79,3.3,1033.1,6,Stormy,🌩️,06:30:00,20:00:00
2025-07-29 20:00:00,Athens,31.4,29.7,84,24.1,1010.1,10,Snowy,❄️,06:30:00,20:00:00
2025-07-29 21:00:00,Athens,21.1,20.3,86,16.0,1001.1,10,Cloudy,☁️,06:30:00,20:00:00
2025-07-29 22:00:00,Athens,31.9,30.2,72,11.6,1024.0,1,Sunny,☀️,06:30:00,20:00:00
2025-07-29 23:00:00,Athens,16.3,15.4,85,11.7,1014.7,7,Sunny,☀️,06:30:00,20:00:00
2025-07-23 00:00:00,Lagos,34.7,33.2,79,12.6,1016.6,5,Sunny,☀️,06:30:00,20:00:00
2025-07-23 01:00:00,Lagos,27.1,25.3,84,3.5,1014.0,1,Sunny,☀️,06:30:00,20:00:00
2025-07-23 02:00:00,Lagos,20.5,18.2,54,14.7,1021.1,7,Snowy,❄️,06:30:00,20:00:00
2025-07-23 03:00:00,Lagos,18.0,16.8,49,5.9,1025.8,1,Rainy,🌧️,06:30:00,20:00:00
2025-07-23 04:00:00,Lagos,15.9,15.3,71,4.2,1021.2,7,Stormy,🌩️,06:30:00,20:00:00
2025-07-23 05:00:00,Lagos,24.5,23.5,88,12.6,1014.7,1,Cloudy,☁️,06:30:00,20:00:00
2025-07-23 06:00:00,Lagos,29.8,27.4,88,9.5,1018.4,5,Cloudy,☁️,06:30:00,20:00:00
2025-07-23 07:00:00,Lagos,31.9,30.3,52,18.5,989.8,8,Cloudy,☁️,06:30:00,20:00:00
2025-07-23 08:00:00,Lagos,22.4,22.1,59,22.6,1024.0,8,Stormy,🌩️,06:30:00,20:00:00
2025-07-23 09:00:00,Lagos,18.8,16.7,42,5.8,1009.4,9,Rainy,🌧️,06:30:00,20:00:00
2025-07-23 10:00:00,Lagos,29.3,26.8,85,21.4,1000.6,6,Sunny,☀️,06:30:00,20:00:00
2025-07-23 11:00:00,Lagos,30.4,30.1,89,21.0,1013.9,8,Cloudy,☁️,06:30:00,20:00:00
2025-07-23 12:00:00,Lagos,30.6,28.8,41,10.2,1032.1,1,Stormy,🌩️,06:30:00,20:00:00
2025-07-23 13:00:00,Lagos,30.9,29.5,85,11.8,1013.6,2,Cloudy,☁️,06:30:00,20:00:00
2025-07-23 14:00:00,Lagos,25.7,24.9,81,12.2,981.2,7,Cloudy,☁️,06:30:00,20:00:00
2025-07-23 15:00:00,Lagos,33.0,30.7,43,24.0,991.6,7,Sunny,☀️,06:30:00,20:00:00
2025-07-23 16:00:00,Lagos,30.0,28.0,74,8.8,981.9,7,Snowy,❄️,06:30:00,20:00:00
2025-07-23 17:00:00,Lagos,17.4,15.0,76,23.5,1032.0,10,Sunny,☀️,06:30:00,20:00:00
2025-07-23 18:00:00,Lagos,23.4,22.2,73,17.8,1031.2,5,Cloudy,☁️,06:30:00,20:00:00
2025-07-23 19:00:00,Lagos,32.8,32.4,84,11.0,981.5,9,Rainy,🌧️,06:30:00,20:00:00
2025-07-23 20:00:00,Lagos,20.7,18.4,50,3.7,1025.7,8,Hazy,🌫️,06:30:00,20:00:00
2025-07-23 21:00:00,Lagos,28.3,26.0,46,2.1,991.9,6,Stormy,🌩️,06:30:00,20:00:00
2025-07-23 22:00:00,Lagos,25.5,24.1,69,13.5,1030.5,9,Sunny,☀️,06:30:00,20:00:00
2025-07-23 23:00:00,Lagos,24.9,23.5,57,13.4,1012.5,10,Snowy,❄️,06:30:00,20:00:00
2025-07-24 00:00:00,Lagos,28.5,27.5,57,10.5,1026.5,9,Cloudy,☁️,06:30:00,20:00:00
2025-07-24 01:00:00,Lagos,22.2,22.2,40,23.2,1024.5,10,Sunny,☀️,06:30:00,20:00:00
2025-07-24 02:00:00,Lagos,31.1,28.9,88,11.9,1013.0,7,Sunny,☀️,06:30:00,20:00:00
2025-07-24 03:00:00,Lagos,21.7,20.6,90,8.0,984.0,1,Sunny,☀️,06:30:00,20:00:00
2025-07-24 04:00:00,Lagos,33.2,31.6,87,21.7,1006.9,7,Rainy,🌧️,06:30:00,20:00:00
2025-07-24 05:00:00,Lagos,19.7,17.5,80,13.6,1010.0,9,Sunny,☀️,06:30:00,20:00:00
2025-07-24 06:00:00,Lagos,34.8,32.6,61,19.0,1019.2,9,Rainy,🌧️,06:30:00,20:00:00
2025-07-24 07:00:00,Lagos,25.8,24.7,56,16.4,1005.0,3,Stormy,🌩️,06:30:00,20:00:00
2025-07-24 08:00:00,Lagos,25.9,24.9,69,6.3,1033.8,7,Snowy,❄️,06:30:00,20:00:00
2025-07-24 09:00:00,Lagos,25.9,23.9,81,9.7,1031.0,3,Snowy,❄️,06:30:00,20:00:00
2025-07-24 10:00:00,Lagos,23.0,22.1,51,22.4,1023.6,2,Stormy,🌩️,06:30:00,20:00:00
2025-07-24 11:00:00,Lagos,31.6,29.5,44,13.7,1031.0,7,Hazy,🌫️,06:30:00,20:00:00
2025-07-24 12:00:00,Lagos,27.2,25.7,77,10.5,1034.0,1,Sunny,☀️,06:30:00,20:00:00
2025-07-24 13:00:00,Lagos,28.2,27.5,75,14.2,1022.4,4,Cloudy,☁️,06:30:00,20:00:00
2025-07-24 14:00:00,Lagos,27.5,25.8,87,23.6,1024.9,2,Sunny,☀️,06:30:00,20:00:00
2025-07-24 15:00:00,Lagos,33.1,31.5,90,5.1,989.2,7,Hazy,🌫️,06:30:00,20:00:00
2025-07-24 16:00:00,Lagos,26.1,24.9,40,8.8,986.3,5,Hazy,🌫️,06:30:00,20:00:00
2025-07-24 17:00:00,Lagos,25.5,23.7,65,3.3,1002.4,5,Rainy,🌧️,06:30:00,20:00:00
2025-07-24 18:00:00,Lagos,16.4,16.2,80,14.1,1007.2,5,Sunny,☀️,06:30:00,20:00:00
2025-07-24 19:00:00,Lagos,23.8,21.5,67,21.0,1033.9,5,Hazy,🌫️,06:30:00,20:00:00
2025-07-24 20:00:00,Lagos,25.8,25.6,86,8.0,988.5,5,Stormy,🌩️,06:30:00,20:00:00
2025-07-24 21:00:00,Lagos,33.4,31.0,80,4.0,983.9,8,Stormy,🌩️,06:30:00,20:00:00
2025-07-24 22:00:00,Lagos,18.4,17.5,49,7.9,1010.4,10,Snowy,❄️,06:30:00,20:00:00
2025-07-24 23:00:00,Lagos,22.7,20.4,78,19.9,1015.3,8,Rainy,🌧️,06:30:00,20:00:00
2025-07-25 00:00:00,Lagos,31.6,29.7,41,19.1,1001.5,4,Snowy,❄️,06:30:00,20:00:00
2025-07-25 01:00:00,Lagos,21.1,19.3,47,10.5,1032.1,10,Stormy,🌩️,06:30:00,20:00:00
2025-07-25 02:00:00,Lagos,26.1,24.6,56,2.4,1000.1,3,Cloudy,☁️,06:30:00,20:00:00
2025-07-25 03:00:00,Lagos,34.4,32.6,74,16.5,994.8,1,Stormy,🌩️,06:30:00,20:00:00
2025-07-25 04:00:00,Lagos,23.2,23.0,44,7.3,1009.5,4,Cloudy,☁️,06:30:00,20:00:00
2025-07-25 05:00:00,Lagos,27.5,27.3,71,24.5,995.7,7,Snowy,❄️,06:30:00,20:00:00
2025-07-25 06:00:00,Lagos,28.4,27.5,87,23.1,1012.1,5,Stormy,🌩️,06:30:00,20:00:00
2025-07-25 07:00:00,Lagos,21.4,20.2,59,19.9,1020.6,7,Snowy,❄️,06:30:00,20:00:00
2025-07-25 08:00:00,Lagos,21.7,20.6,80,5.0,1024.3,2,Cloudy,☁️,06:30:00,20:00:00
2025-07-25 09:00:00,Lagos,25.0,24.4,45,19.8,984.7,6,Stormy,🌩️,06:30:00,20:00:00
2025-07-25 10:00:00,Lagos,32.5,30.3,63,4.9,982.1,4,Cloudy,☁️,06:30:00,20:00:00
2025-07-25 11:00:00,Lagos,16.9,16.5,90,16.2,997.9,4,Snowy,❄️,06:30:00,20:00:00
2025-07-25 12:00:00,Lagos,30.0,29.1,61,6.0,1012.7,10,Cloudy,☁️,06:30:00,20:00:00
2025-07-25 13:00:00,Lagos,27.3,25.7,47,23.2,983.6,8,Sunny,☀️,06:30:00,20:00:00
2025-07-25 14:00:00,Lagos,29.8,28.8,84,11.1,1017.6,3,Stormy,🌩️,06:30:00,20:00:00
2025-07-25 15:00:00,Lagos,23.5,21.2,72,23.7,1021.6,1,Stormy,🌩️,06:30:00,20:00:00
2025-07-25 16:00:00,Lagos,15.1,14.9,56,23.5,991.9,5,Rainy,🌧️,06:30:00,20:00:00
2025-07-25 17:00:00,Lagos,23.6,23.1,66,24.7,1004.4,5,Cloudy,☁️,06:30:00,20:00:00
2025-07-25 18:00:00,Lagos,31.6,30.3,45,12.2,1005.6,10,Hazy,🌫️,06:30:00,20:00:00
2025-07-25 19:00:00,Lagos,28.9,28.2,71,20.2,989.8,1,Rainy,🌧️,06:30:00,20:00:00
2025-07-25 20:00:00,Lagos,19.9,19.5,75,7.8,1004.9,1,Stormy,🌩️,06:30:00,20:00:00
2025-07-25 21:00:00,Lagos,24.4,22.9,53,19.4,1006.8,7,Sunny,☀️,06:30:00,20:00:00
2025-07-25 22:00:00,Lagos,34.9,32.6,64,19.7,996.9,10,Snowy,❄️,06:30:00,20:00:00
2025-07-25 23:00:00,Lagos,33.2,31.2,57,16.9,995.6,4,Sunny,☀️,06:30:00,20:00:00
2025-07-26 00:00:00,Lagos,26.5,25.7,60,9.6,1020.5,5,Snowy,❄️,06:30:00,20:00:00
2025-07-26 01:00:00,Lagos,15.2,13.5,49,16.9,985.9,10,Hazy,🌫️,06:30:00,20:00:00
2025-07-26 02:00:00,Lagos,34.0,32.0,41,3.3,1014.9,7,Cloudy,☁️,06:30:00,20:00:00
2025-07-26 03:00:00,Lagos,15.2,13.2,68,2.4,998.6,2,Rainy,🌧️,06:30:00,20:00:00
2025-07-26 04:00:00,Lagos,19.0,18.6,48,11.8,988.5,2,Snowy,❄️,06:30:00,20:00:00
2025-07-26 05:00:00,Lagos,24.5,22.6,47,16.6,1009.1,3,Rainy,🌧️,06:30:00,20:00:00
2025-07-26 06:00:00,Lagos,25.2,25.1,66,21.0,996.5,3,Hazy,🌫️,06:30:00,20:00:00
2025-07-26 07:00:00,Lagos,27.4,25.9,62,22.9,1028.7,10,Snowy,❄️,06:30:00,20:00:00
2025-07-26 08:00:00,Lagos,32.1,31.7,55,14.8,1005.6,8,Hazy,🌫️,06:30:00,20:00:00
2025-07-26 09:00:00,Lagos,29.1,27.0,63,6.8,998.3,7,Snowy,❄️,06:30:00,20:00:00
2025-07-26 10:00:00,Lagos,20.0,18.8,84,24.7,1033.5,4,Snowy,❄️,06:30:00,20:00:00
2025-07-26 11:00:00,Lagos,34.1,32.3,70,9.3,997.2,9,Snowy,❄️,06:30:00,20:00:00
2025-07-26 12:00:00,Lagos,17.0,15.8,56,21.1,983.5,1,Stormy,🌩️,06:30:00,20:00:00
2025-07-26 13:00:00,Lagos,25.6,23.1,85,23.0,1031.4,9,Rainy,🌧️,06:30:00,20:00:00
2025-07-26 14:00:00,Lagos,25.0,23.1,71,17.2,1000.6,1,Cloudy,☁️,06:30:00,20:00:00
2025-07-26 15:00:00,Lagos,25.1,23.3,74,5.7,1004.4,3,Rainy,🌧️,06:30:00,20:00:00
2025-07-26 16:00:00,Lagos,22.3,21.6,89,24.2,984.2,7,Cloudy,☁️,06:30:00,20:00:00
2025-07-26 17:00:00,Lagos,18.2,17.4,42,19.5,1034.3,9,Hazy,🌫️,06:30:00,20:00:00
2025-07-26 18:00:00,Lagos,15.9,14.4,73,23.1,1009.1,5,Rainy,🌧️,06:30:00,20:00:00
2025-07-26 19:00:00,Lagos,19.5,18.1,46,23.3,1022.4,2,Stormy,🌩️,06:30:00,20:00:00
2025-07-26 20:00:00,Lagos,22.1,21.4,76,23.7,1032.6,1,Sunny,☀️,06:30:00,20:00:00
2025-07-26 21:00:00,Lagos,19.1,17.0,68,12.3,1012.2,5,Rainy,🌧️,06:30:00,20:00:00
2025-07-26 22:00:00,Lagos,19.1,19.0,85,2.5,1022.2,4,Stormy,🌩️,06:30:00,20:00:00
2025-07-26 23:00:00,Lagos,20.3,19.9,63,24.0,986.3,1,Rainy,🌧️,06:30:00,20:00:00
2025-07-27 00:00:00,Lagos,28.4,28.2,45,11.6,1024.4,10,Stormy,🌩️,06:30:00,20:00:00
2025-07-27 01:00:00,Lagos,25.2,24.7,82,19.2,994.4,9,Cloudy,☁️,06:30:00,20:00:00
2025-07-27 02:00:00,Lagos,24.3,23.4,56,23.5,982.9,9,Stormy,🌩️,06:30:00,20:00:00
2025-07-27 03:00:00,Lagos,19.9,19.1,45,4.3,1020.8,1,Snowy,❄️,06:30:00,20:00:00
2025-07-27 04:00:00,Lagos,27.7,25.6,84,7.1,985.1,1,Cloudy,☁️,06:30:00,20:00:00
2025-07-27 05:00:00,Lagos,31.6,31.0,44,5.9,1002.9,10,Rainy,🌧️,06:30:00,20:00:00
2025-07-27 06:00:00,Lagos,24.8,24.1,63,6.5,1029.1,6,Stormy,🌩️,06:30:00,20:00:00
2025-07-27 07:00:00,Lagos,25.9,25.8,63,12.4,1030.1,5,Snowy,❄️,06:30:00,20:00:00
2025-07-27 08:00:00,Lagos,21.9,20.4,55,14.5,1030.5,7,Cloudy,☁️,06:30:00,20:00:00
2025-07-27 09:00:00,Lagos,24.2,22.7,52,11.5,1014.3,2,Rainy,🌧️,06:30:00,20:00:00
2025-07-27 10:00:00,Lagos,33.7,33.5,47,21.7,1019.1,2,Hazy,🌫️,06:30:00,20:00:00
2025-07-27 11:00:00,Lagos,19.9,17.7,64,3.0,1024.2,1,Snowy,❄️,06:30:00,20:00:00
2025-07-27 12:00:00,Lagos,31.6,30.7,75,5.3,1004.9,9,Hazy,🌫️,06:30:00,20:00:00
2025-07-27 13:00:00,Lagos,31.4,30.2,74,9.0,989.2,9,Hazy,🌫️,06:30:00,20:00:00
2025-07-27 14:00:00,Lagos,28.4,26.2,62,2.9,1001.4,1,Sunny,☀️,06:30:00,20:00:00
2025-07-27 15:00:00,Lagos,30.1,28.9,87,18.7,1030.8,2,Snowy,❄️,06:30:00,20:00:00
2025-07-27 16:00:00,Lagos,27.2,25.4,60,9.7,982.1,7,Stormy,🌩️,06:30:00,20:00:00
2025-07-27 17:00:00,Lagos,23.3,21.7,52,4.2,1028.0,9,Sunny,☀️,06:30:00,20:00:00
2025-07-27 18:00:00,Lagos,28.8,28.5,77,19.3,996.6,8,Rainy,🌧️,06:30:00,20:00:00
2025-07-27 19:00:00,Lagos,34.0,33.2,73,8.0,997.2,3,Stormy,🌩️,06:30:00,20:00:00
2025-07-27 20:00:00,Lagos,31.8,30.1,75,23.0,985.6,8,Hazy,🌫️,06:30:00,20:00:00
2025-07-27 21:00:00,Lagos,23.1,20.9,51,19.8,1032.8,1,Rainy,🌧️,06:30:00,20:00:00
2025-07-27 22:00:00,Lagos,20.9,18.8,61,13.7,1028.5,7,Sunny,☀️,06:30:00,20:00:00
2025-07-27 23:00:00,Lagos,18.1,16.4,60,14.5,981.6,7,Rainy,🌧️,06:30:00,20:00:00
2025-07-28 00:00:00,Lagos,33.8,32.0,75,6.7,1015.2,9,Cloudy,☁️,06:30:00,20:00:00
2025-07-28 01:00:00,Lagos,26.8,24.4,49,11.8,998.2,6,Rainy,🌧️,06:30:00,20:00:00
2025-07-28 02:00:00,Lagos,27.0,26.9,45,12.0,1018.6,9,Sunny,☀️,06:30:00,20:00:00
2025-07-28 03:00:00,Lagos,30.7,29.9,80,3.7,991.8,1,Rainy,🌧️,06:30:00,20:00:00
2025-07-28 04:00:00,Lagos,29.5,27.7,57,17.0,1016.0,8,Hazy,🌫️,06:30:00,20:00:00
2025-07-28 05:00:00,Lagos,28.8,27.6,66,8.2,997.9,7,Stormy,🌩️,06:30:00,20:00:00
2025-07-28 06:00:00,Lagos,29.6,27.1,52,21.2,1021.1,2,Snowy,❄️,06:30:00,20:00:00
2025-07-28 07:00:00,Lagos,24.6,22.1,79,7.5,1004.6,5,Snowy,❄️,06:30:00,20:00:00
2025-07-28 08:00:00,Lagos,33.3,32.2,69,13.7,1007.3,7,Rainy,🌧️,06:30:00,20:00:00
2025-07-28 09:00:00,Lagos,30.2,28.7,90,15.5,1034.7,3,Stormy,🌩️,06:30:00,20:00:00
2025-07-28 10:00:00,Lagos,22.2,21.5,49,11.9,982.2,9,Cloudy,☁️,06:30:00,20:00:00
2025-07-28 11:00:00,Lagos,16.3,15.8,57,10.1,983.8,2,Snowy,❄️,06:30:00,20:00:00
2025-07-28 12:00:00,Lagos,18.2,17.5,78,10.7,1022.0,1,Sunny,☀️,06:30:00,20:00:00
2025-07-28 13:00:00,Lagos,25.9,24.5,80,21.1,980.7,6,Snowy,❄️,06:30:00,20:00:00
2025-07-28 14:00:00,Lagos,20.6,18.7,85,14.8,1027.8,6,Cloudy,☁️,06:30:00,20:00:00
2025-07-28 15:00:00,Lagos,20.9,19.0,66,5.0,1025.2,8,Cloudy,☁️,06:30:00,20:00:00
2025-07-28 16:00:00,Lagos,20.0,18.2,49,23.9,1015.5,8,Snowy,❄️,06:30:00,20:00:00
2025-07-28 17:00:00,Lagos,30.8,30.1,41,6.0,1031.8,2,Snowy,❄️,06:30:00,20:00:00
2025-07-28 18:00:00,Lagos,25.2,23.9,77,10.9,1033.5,8,Rainy,🌧️,06:30:00,20:00:00
2025-07-28 19:00:00,Lagos,22.6,21.0,82,5.2,986.7,6,Hazy,🌫️,06:30:00,20:00:00
2025-07-28 20:00:00,Lagos,18.7,18.2,74,11.3,1001.7,2,Cloudy,☁️,06:30:00,20:00:00
2025-07-28 21:00:00,Lagos,33.8,31.4,79,23.7,1029.7,3,Sunny,☀️,06:30:00,20:00:00
2025-07-28 22:00:00,Lagos,24.2,22.9,73,5.0,1029.3,7,Snowy,❄️,06:30:00,20:00:00
2025-07-28 23:00:00,Lagos,22.6,21.6,72,6.9,1002.2,1,Cloudy,☁️,06:30:00,20:00:00
2025-07-29 00:00:00,Lagos,16.9,15.9,87,14.7,1016.2,3,Cloudy,☁️,06:30:00,20:00:00
2025-07-29 01:00:00,Lagos,27.5,26.5,50,13.2,1003.0,7,Sunny,☀️,06:30:00,20:00:00
2025-07-29 02:00:00,Lagos,22.6,20.3,46,18.6,985.3,2,Snowy,❄️,06:30:00,20:00:00
2025-07-29 03:00:00,Lagos,20.0,19.2,83,6.6,1002.8,1,Cloudy,☁️,06:30:00,20:00:00
2025-07-29 04:00:00,Lagos,32.0,32.0,54,16.8,1030.5,7,Sunny,☀️,06:30:00,20:00:00
2025-07-29 05:00:00,Lagos,23.2,23.1,44,11.4,1019.3,6,Sunny,☀️,06:30:00,20:00:00
2025-07-29 06:00:00,Lagos,32.5,30.6,60,21.1,980.8,2,Sunny,☀️,06:30:00,20:00:00
2025-07-29 07:00:00,Lagos,16.0,14.0,63,17.6,1017.5,7,Hazy,🌫️,06:30:00,20:00:00
2025-07-29 08:00:00,Lagos,24.5,23.5,46,12.6,1012.9,9,Stormy,🌩️,06:30:00,20:00:00
2025-07-29 09:00:00,Lagos,22.5,20.6,46,20.3,1021.0,1,Cloudy,☁️,06:30:00,20:00:00
2025-07-29 10:00:00,Lagos,29.0,28.0,45,9.2,1034.6,6,Hazy,🌫️,06:30:00,20:00:00
2025-07-29 11:00:00,Lagos,18.5,18.3,65,13.4,1015.5,2,Sunny,☀️,06:30:00,20:00:00
2025-07-29 12:00:00,Lagos,33.0,31.3,73,6.9,1008.5,10,Sunny,☀️,06:30:00,20:00:00
2025-07-29 13:00:00,Lagos,25.1,23.5,68,12.2,1000.5,10,Hazy,🌫️,06:30:00,20:00:00
2025-07-29 14:00:00,Lagos,28.1,27.3,72,6.3,988.6,5,Rainy,🌧️,06:30:00,20:00:00
2025-07-29 15:00:00,Lagos,17.6,16.6,48,20.1,996.5,6,Cloudy,☁️,06:30:00,20:00:00
2025-07-29 16:00:00,Lagos,22.4,21.4,59,17.8,1006.0,7,Stormy,🌩️,06:30:00,20:00:00
2025-07-29 17:00:00,Lagos,27.7,26.8,84,24.2,1022.0,2,Sunny,☀️,06:30:00,20:00:00
2025-07-29 18:00:00,Lagos,18.1,15.6,56,19.3,1014.8,10,Cloudy,☁️,06:30:00,20:00:00
2025-07-29 19:00:00,Lagos,32.2,30.7,59,6.8,988.2,4,Rainy,🌧️,06:30:00,20:00:00
2025-07-29 20:00:00,Lagos,23.1,21.0,85,16.9,1008.9,2,Stormy,🌩️,06:30:00,20:00:00
2025-07-29 21:00:00,Lagos,20.3,17.8,62,12.6,1015.0,9,Snowy,❄️,06:30:00,20:00:00
2025-07-29 22:00:00,Lagos,21.5,19.5,42,5.3,1014.5,10,Cloudy,☁️,06:30:00,20:00:00
2025-07-29 23:00:00,Lagos,25.2,23.4,54,2.9,980.7,2,Hazy,🌫️,06:30:00,20:00:00
2025-07-23 00:00:00,New York,16.7,15.6,84,2.6,997.0,9,Hazy,🌫️,06:30:00,20:00:00
2025-07-23 01:00:00,New York,25.2,24.0,76,18.5,1026.3,8,Rainy,🌧️,06:30:00,20:00:00
2025-07-23 02:00:00,New York,17.8,17.2,45,23.5,1015.7,10,Snowy,❄️,06:30:00,20:00:00
2025-07-23 03:00:00,New York,28.2,26.4,87,16.8,1016.5,9,Cloudy,☁️,06:30:00,20:00:00
2025-07-23 04:00:00,New York,33.8,33.4,64,19.4,1026.2,1,Rainy,🌧️,06:30:00,20:00:00
2025-07-23 05:00:00,New York,15.4,14.5,45,20.0,1000.1,10,Snowy,❄️,06:30:00,20:00:00
2025-07-23 06:00:00,New York,33.8,32.0,78,23.7,1014.6,5,Snowy,❄️,06:30:00,20:00:00
2025-07-23 07:00:00,New York,30.0,27.9,78,12.8,992.6,3,Stormy,🌩️,06:30:00,20:00:00
2025-07-23 08:00:00,New York,31.4,30.6,86,13.5,1024.4,3,Stormy,🌩️,06:30:00,20:00:00
2025-07-23 09:00:00,New York,28.2,27.1,87,23.6,1031.7,2,Snowy,❄️,06:30:00,20:00:00
2025-07-23 10:00:00,New York,25.5,23.2,66,16.8,1011.4,9,Sunny,☀️,06:30:00,20:00:00
2025-07-23 11:00:00,New York,16.7,15.4,50,13.5,1031.1,10,Stormy,🌩️,06:30:00,20:00:00
2025-07-23 12:00:00,New York,16.9,16.5,73,9.1,1012.7,2,Cloudy,☁️,06:30:00,20:00:00
2025-07-23 13:00:00,New York,25.2,22.8,87,4.2,992.1,2,Cloudy,☁️,06:30:00,20:00:00
2025-07-23 14:00:00,New York,20.3,18.8,83,2.6,982.1,8,Hazy,🌫️,06:30:00,20:00:00
2025-07-23 15:00:00,New York,29.9,28.1,46,5.4,1011.9,3,Sunny,☀️,06:30:00,20:00:00
2025-07-23 16:00:00,New York,34.6,33.5,65,16.3,983.0,6,Rainy,🌧️,06:30:00,20:00:00
2025-07-23 17:00:00,New York,23.9,22.2,90,18.7,1032.2,4,Cloudy,☁️,06:30:00,20:00:00
2025-07-23 18:00:00,New York,15.8,13.6,88,18.0,1012.9,4,Hazy,🌫️,06:30:00,20:00:00
2025-07-23 19:00:00,New York,20.5,20.5,86,6.4,1027.1,2,Hazy,🌫️,06:30:00,20:00:00
2025-07-23 20:00:00,New York,28.8,26.4,74,22.3,1018.0,6,Rainy,🌧️,06:30:00,20:00:00
2025-07-23 21:00:00,New York,20.3,19.4,67,22.3,1034.5,7,Sunny,☀️,06:30:00,20:00:00
2025-07-23 22:00:00,New York,31.9,30.2,62,20.4,1004.1,6,Sunny,☀️,06:30:00,20:00:00
2025-07-23 23:00:00,New York,23.8,22.0,51,14.6,998.0,9,Snowy,❄️,06:30:00,20:00:00
2025-07-24 00:00:00,New York,20.9,18.8,50,7.2,1013.5,5,Snowy,❄️,06:30:00,20:00:00
2025-07-24 01:00:00,New York,22.8,22.0,70,7.3,1004.0,2,Sunny,☀️,06:30:00,20:00:00
2025-07-24 02:00:00,New York,26.2,24.5,72,17.5,1012.7,3,Rainy,🌧️,06:30:00,20:00:00
2025-07-24 03:00:00,New York,22.7,20.3,51,6.7,1027.5,2,Snowy,❄️,06:30:00,20:00:00
2025-07-24 04:00:00,New York,25.3,23.6,83,20.7,1010.2,6,Cloudy,☁️,06:30:00,20:00:00
2025-07-24 05:00:00,New York,24.7,23.8,74,9.5,1002.5,1,Rainy,🌧️,06:30:00,20:00:00
2025-07-24 06:00:00,New York,31.9,30.2,55,4.9,995.5,8,Snowy,❄️,06:30:00,20:00:00
2025-07-24 07:00:00,New York,26.6,26.1,58,9.3,1026.4,6,Snowy,❄️,06:30:00,20:00:00
2025-07-24 08:00:00,New York,29.8,27.8,57,21.2,1016.8,3,Cloudy,☁️,06:30:00,20:00:00
2025-07-24 09:00:00,New York,17.0,16.9,55,18.8,1028.9,1,Rainy,🌧️,06:30:00,20:00:00
2025-07-24 10:00:00,New York,31.4,29.1,78,16.2,1024.3,6,Hazy,🌫️,06:30:00,20:00:00
2025-07-24 11:00:00,New York,30.6,28.5,44,15.5,1009.3,10,Sunny,☀️,06:30:00,20:00:00
2025-07-24 12:00:00,New York,21.4,20.3,69,7.3,1026.0,9,Hazy,🌫️,06:30:00,20:00:00
2025-07-24 13:00:00,New York,30.3,30.2,51,18.4,991.1,4,Cloudy,☁️,06:30:00,20:00:00
2025-07-24 14:00:00,New York,31.1,28.9,89,15.5,1034.0,7,Snowy,❄️,06:30:00,20:00:00
2025-07-24 15:00:00,New York,34.3,34.1,40,21.2,996.2,2,Rainy,🌧️,06:30:00,20:00:00
2025-07-24 16:00:00,New York,26.1,25.3,75,11.8,1034.1,4,Stormy,🌩️,06:30:00,20:00:00
2025-07-24 17:00:00,New York,22.3,22.0,60,19.3,1002.3,3,Rainy,🌧️,06:30:00,20:00:00
2025-07-24 18:00:00,New York,22.0,21.0,78,23.5,982.0,4,Snowy,❄️,06:30:00,20:00:00
2025-07-24 19:00:00,New York,27.5,25.1,66,15.3,1017.6,8,Rainy,🌧️,06:30:00,20:00:00
2025-07-24 20:00:00,New York,16.7,14.3,74,5.4,990.3,6,Sunny,☀️,06:30:00,20:00:00
2025-07-24 21:00:00,New York,34.4,34.1,55,18.4,1002.8,9,Cloudy,☁️,06:30:00,20:00:00
2025-07-24 22:00:00,New York,17.0,16.0,57,10.5,1020.2,3,Cloudy,☁️,06:30:00,20:00:00
2025-07-24 23:00:00,New York,24.8,23.2,55,17.4,1025.2,7,Snowy,❄️,06:30:00,20:00:00
2025-07-25 00:00:00,New York,24.9,23.4,61,18.5,1030.2,10,Snowy,❄️,06:30:00,20:00:00
2025-07-25 01:00:00,New York,23.7,21.5,44,21.2,1009.0,7,Cloudy,☁️,06:30:00,20:00:00
2025-07-25 02:00:00,New York,28.9,28.1,56,19.9,1021.8,2,Stormy,🌩️,06:30:00,20:00:00
2025-07-25 03:00:00,New York,19.3,18.5,67,8.7,988.4,10,Stormy,🌩️,06:30:00,20:00:00
2025-07-25 04:00:00,New York,34.1,33.0,43,8.3,983.6,1,Sunny,☀️,06:30:00,20:00:00
2025-07-25 05:00:00,New York,18.8,17.3,52,12.2,1015.6,9,Snowy,❄️,06:30:00,20:00:00
2025-07-25 06:00:00,New York,34.5,34.0,78,19.6,1023.1,2,Rainy,🌧️,06:30:00,20:00:00
2025-07-25 07:00:00,New York,18.3,17.6,88,22.1,983.4,2,Hazy,🌫️,06:30:00,20:00:00
2025-07-25 08:00:00,New York,26.2,25.4,46,4.6,1022.7,3,Cloudy,☁️,06:30:00,20:00:00
2025-07-25 09:00:00,New York,27.0,25.8,59,16.5,1030.1,2,Cloudy,☁️,06:30:00,20:00:00
2025-07-25 10:00:00,New York,25.8,25.7,77,24.8,986.7,3,Rainy,🌧️,06:30:00,20:00:00
2025-07-25 11:00:00,New York,27.1,26.2,50,4.4,1010.9,1,Snowy,❄️,06:30:00,20:00:00
2025-07-25 12:00:00,New York,34.8,32.7,50,11.9,981.3,9,Stormy,🌩️,06:30:00,20:00:00
2025-07-25 13:00:00,New York,32.7,32.1,45,10.5,1020.2,8,Snowy,❄️,06:30:00,20:00:00
2025-07-25 14:00:00,New York,21.7,19.6,79,18.8,1006.7,8,Snowy,❄️,06:30:00,20:00:00
2025-07-25 15:00:00,New York,28.4,28.3,59,3.9,990.8,4,Snowy,❄️,06:30:00,20:00:00
2025-07-25 16:00:00,New York,25.0,22.6,69,22.9,1025.3,6,Cloudy,☁️,06:30:00,20:00:00
2025-07-25 17:00:00,New York,21.5,21.5,81,6.6,1016.1,9,Hazy,🌫️,06:30:00,20:00:00
2025-07-25 18:00:00,New York,22.8,21.0,86,2.9,1015.0,10,Sunny,☀️,06:30:00,20:00:00
2025-07-25 19:00:00,New York,34.9,33.8,52,8.1,993.5,10,Sunny,☀️,06:30:00,20:00:00
2025-07-25 20:00:00,New York,33.7,33.5,65,17.1,988.0,8,Hazy,🌫️,06:30:00,20:00:00
2025-07-25 21:00:00,New York,33.4,31.9,41,16.0,983.7,6,Hazy,🌫️,06:30:00,20:00:00
2025-07-25 22:00:00,New York,26.0,25.1,69,8.4,982.1,5,Hazy,🌫️,06:30:00,20:00:00
2025-07-25 23:00:00,New York,32.3,30.2,80,2.0,1028.3,8,Stormy,🌩️,06:30:00,20:00:00
2025-07-26 00:00:00,New York,28.3,26.2,89,19.6,1004.0,4,Snowy,❄️,06:30:00,20:00:00
2025-07-26 01:00:00,New York,21.6,19.2,46,23.7,1009.4,4,Cloudy,☁️,06:30:00,20:00:00
2025-07-26 02:00:00,New York,24.5,22.3,43,4.2,984.3,1,Rainy,🌧️,06:30:00,20:00:00
2025-07-26 03:00:00,New York,32.5,31.9,80,23.2,997.0,9,Snowy,❄️,06:30:00,20:00:00
2025-07-26 04:00:00,New York,31.2,29.7,42,12.7,1006.2,8,Sunny,☀️,06:30:00,20:00:00
2025-07-26 05:00:00,New York,27.3,25.8,51,11.7,1002.3,9,Cloudy,☁️,06:30:00,20:00:00
2025-07-26 06:00:00,New York,15.2,14.0,79,23.2,1024.1,8,Cloudy,☁️,06:30:00,20:00:00
2025-07-26 07:00:00,New York,15.9,14.4,52,24.7,1000.0,1,Sunny,☀️,06:30:00,20:00:00
2025-07-26 08:00:00,New York,19.3,18.7,41,5.0,999.8,5,Hazy,🌫️,06:30:00,20:00:00
2025-07-26 09:00:00,New York,18.1,16.4,55,23.9,1010.0,3,Stormy,🌩️,06:30:00,20:00:00
2025-07-26 10:00:00,New York,25.0,24.8,89,19.4,1001.2,9,Sunny,☀️,06:30:00,20:00:00
2025-07-26 11:00:00,New York,31.0,29.0,64,17.5,1005.1,8,Hazy,🌫️,06:30:00,20:00:00
2025-07-26 12:00:00,New York,23.8,22.5,44,20.3,1028.6,6,Sunny,☀️,06:30:00,20:00:00
2025-07-26 13:00:00,New York,32.2,30.4,60,19.9,1014.7,4,Hazy,🌫️,06:30:00,20:00:00
2025-07-26 14:00:00,New York,22.0,21.5,83,4.5,1032.7,6,Cloudy,☁️,06:30:00,20:00:00
2025-07-26 15:00:00,New York,33.0,30.9,72,4.0,989.9,3,Sunny,☀️,06:30:00,20:00:00
2025-07-26 16:00:00,New York,19.5,17.1,83,21.4,1010.5,9,Stormy,🌩️,06:30:00,20:00:00
2025-07-26 17:00:00,New York,15.2,13.0,60,3.3,1033.2,8,Stormy,🌩️,06:30:00,20:00:00
2025-07-26 18:00:00,New York,15.2,13.7,71,6.2,1034.7,8,Hazy,🌫️,06:30:00,20:00:00
2025-07-26 19:00:00,New York,17.5,17.2,88,2.9,980.1,6,Rainy,🌧️,06:30:00,20:00:00
2025-07-26 20:00:00,New York,17.8,15.9,73,6.9,999.2,10,Hazy,🌫️,06:30:00,20:00:00
2025-07-26 21:00:00,New York,18.5,17.0,52,17.3,1016.1,6,Snowy,❄️,06:30:00,20:00:00
2025-07-26 22:00:00,New York,22.8,21.7,42,4.6,1019.5,8,Rainy,🌧️,06:30:00,20:00:00
2025-07-26 23:00:00,New York,21.9,21.7,88,6.0,1010.0,6,Sunny,☀️,06:30:00,20:00:00
2025-07-27 00:00:00,New York,17.7,17.1,67,10.8,993.2,8,Sunny,☀️,06:30:00,20:00:00
2025-07-27 01:00:00,New York,27.9,26.8,62,13.8,1031.1,4,Sunny,☀️,06:30:00,20:00:00
2025-07-27 02:00:00,New York,30.5,28.2,46,5.6,1008.0,6,Cloudy,☁️,06:30:00,20:00:00
2025-07-27 03:00:00,New York,16.0,14.7,66,21.8,990.2,2,Cloudy,☁️,06:30:00,20:00:00
2025-07-27 04:00:00,New York,27.2,25.6,51,9.8,1001.7,10,Cloudy,☁️,06:30:00,20:00:00
2025-07-27 05:00:00,New York,18.6,16.6,71,25.0,998.0,10,Stormy,🌩️,06:30:00,20:00:00
2025-07-27 06:00:00,New York,16.5,16.1,45,13.6,1000.7,10,Sunny,☀️,06:30:00,20:00:00
2025-07-27 07:00:00,New York,17.0,15.8,85,21.3,1030.4,6,Hazy,🌫️,06:30:00,20:00:00
2025-07-27 08:00:00,New York,34.9,34.2,68,3.0,1001.6,3,Stormy,🌩️,06:30:00,20:00:00
2025-07-27 09:00:00,New York,17.8,16.4,65,11.2,1033.8,2,Cloudy,☁️,06:30:00,20:00:00
2025-07-27 10:00:00,New York,27.5,27.0,77,23.3,996.5,9,Cloudy,☁️,06:30:00,20:00:00
2025-07-27 11:00:00,New York,17.1,15.4,86,15.0,992.6,1,Cloudy,☁️,06:30:00,20:00:00
2025-07-27 12:00:00,New York,22.1,19.9,59,7.7,990.3,1,Cloudy,☁️,06:30:00,20:00:00
2025-07-27 13:00:00,New York,21.5,21.1,82,2.6,995.6,8,Hazy,🌫️,06:30:00,20:00:00
2025-07-27 14:00:00,New York,17.8,15.3,69,9.3,1027.1,7,Snowy,❄️,06:30:00,20:00:00
2025-07-27 15:00:00,New York,17.0,15.3,89,9.5,986.2,7,Rainy,🌧️,06:30:00,20:00:00
2025-07-27 16:00:00,New York,34.0,34.0,70,16.2,982.4,10,Cloudy,☁️,06:30:00,20:00:00
2025-07-27 17:00:00,New York,19.2,18.6,67,8.5,1012.3,9,Stormy,🌩️,06:30:00,20:00:00
2025-07-27 18:00:00,New York,17.4,16.8,70,17.9,1011.8,4,Hazy,🌫️,06:30:00,20:00:00
2025-07-27 19:00:00,New York,24.6,23.7,89,11.0,987.7,8,Snowy,❄️,06:30:00,20:00:00
2025-07-27 20:00:00,New York,25.0,22.8,66,16.6,982.7,1,Snowy,❄️,06:30:00,20:00:00
2025-07-27 21:00:00,New York,31.3,29.7,88,10.2,991.8,5,Cloudy,☁️,06:30:00,20:00:00
2025-07-27 22:00:00,New York,17.6,15.7,75,25.0,998.5,5,Sunny,☀️,06:30:00,20:00:00
2025-07-27 23:00:00,New York,27.9,27.6,87,22.3,1001.5,1,Cloudy,☁️,06:30:00,20:00:00
2025-07-28 00:00:00,New York,27.7,26.0,70,3.6,1001.4,5,Sunny,☀️,06:30:00,20:00:00
2025-07-28 01:00:00,New York,32.2,31.3,52,22.1,997.3,4,Snowy,❄️,06:30:00,20:00:00
2025-07-28 02:00:00,New York,16.4,15.9,67,20.6,1006.9,2,Snowy,❄️,06:30:00,20:00:00
2025-07-28 03:00:00,New York,30.7,30.6,76,22.1,1004.1,6,Stormy,🌩️,06:30:00,20:00:00
2025-07-28 04:00:00,New York,18.6,17.4,57,3.0,990.4,7,Hazy,🌫️,06:30:00,20:00:00
2025-07-28 05:00:00,New York,24.9,24.1,53,11.4,993.1,7,Hazy,🌫️,06:30:00,20:00:00
2025-07-28 06:00:00,New York,25.7,24.5,84,19.5,1006.9,7,Hazy,🌫️,06:30:00,20:00:00
2025-07-28 07:00:00,New York,29.0,28.6,50,2.2,1017.8,4,Stormy,🌩️,06:30:00,20:00:00
2025-07-28 08:00:00,New York,22.0,20.2,66,6.5,980.8,10,Rainy,🌧️,06:30:00,20:00:00
2025-07-28 09:00:00,New York,32.3,31.6,78,24.9,1019.9,4,Snowy,❄️,06:30:00,20:00:00
2025-07-28 10:00:00,New York,31.7,29.8,89,12.3,1010.9,6,Snowy,❄️,06:30:00,20:00:00
2025-07-28 11:00:00,New York,30.4,29.9,67,23.5,1026.6,4,Rainy,🌧️,06:30:00,20:00:00
2025-07-28 12:00:00,New York,24.9,22.7,51,23.6,1005.0,1,Stormy,🌩️,06:30:00,20:00:00
2025-07-28 13:00:00,New York,31.6,30.1,87,15.0,1013.8,10,Rainy,🌧️,06:30:00,20:00:00
2025-07-28 14:00:00,New York,28.8,26.9,47,5.2,1032.4,4,Snowy,❄️,06:30:00,20:00:00
2025-07-28 15:00:00,New York,15.7,14.9,71,18.2,1001.5,9,Snowy,❄️,06:30:00,20:00:00
2025-07-28 16:00:00,New York,33.5,31.3,84,6.6,993.2,6,Sunny,☀️,06:30:00,20:00:00
2025-07-28 17:00:00,New York,34.4,33.7,80,14.5,984.4,7,Hazy,🌫️,06:30:00,20:00:00
2025-07-28 18:00:00,New York,23.6,21.4,52,16.7,999.5,9,Rainy,🌧️,06:30:00,20:00:00
2025-07-28 19:00:00,New York,31.6,31.0,53,17.4,984.6,2,Cloudy,☁️,06:30:00,20:00:00
2025-07-28 20:00:00,New York,23.7,23.6,89,12.7,1017.1,3,Stormy,🌩️,06:30:00,20:00:00
2025-07-28 21:00:00,New York,21.4,19.5,44,9.5,992.5,7,Rainy,🌧️,06:30:00,20:00:00
2025-07-28 22:00:00,New York,33.1,32.2,82,15.2,994.3,10,Cloudy,☁️,06:30:00,20:00:00
2025-07-28 23:00:00,New York,16.8,15.0,88,5.7,1024.7,3,Rainy,🌧️,06:30:00,20:00:00
2025-07-29 00:00:00,New York,27.8,27.6,76,20.7,980.7,6,Hazy,🌫️,06:30:00,20:00:00
2025-07-29 01:00:00,New York,28.1,27.1,44,8.5,982.1,8,Stormy,🌩️,06:30:00,20:00:00
2025-07-29 02:00:00,New York,29.7,28.6,90,11.6,980.4,9,Cloudy,☁️,06:30:00,20:00:00
2025-07-29 03:00:00,New York,21.7,19.3,87,13.1,1028.7,10,Snowy,❄️,06:30:00,20:00:00
2025-07-29 04:00:00,New York,29.9,27.5,66,23.0,1005.1,9,Sunny,☀️,06:30:00,20:00:00
2025-07-29 05:00:00,New York,20.5,18.5,70,6.8,1017.5,6,Rainy,🌧️,06:30:00,20:00:00
2025-07-29 06:00:00,New York,20.9,19.9,72,8.6,980.3,5,Sunny,☀️,06:30:00,20:00:00
2025-07-29 07:00:00,New York,27.9,26.3,45,18.3,1024.7,8,Stormy,🌩️,06:30:00,20:00:00
2025-07-29 08:00:00,New York,32.0,30.4,54,15.7,1000.2,9,Rainy,🌧️,06:30:00,20:00:00
2025-07-29 09:00:00,New York,27.6,25.3,69,24.9,1010.6,3,Stormy,🌩️,06:30:00,20:00:00
2025-07-29 10:00:00,New York,16.2,15.3,82,22.8,1030.7,9,Snowy,❄️,06:30:00,20:00:00
2025-07-29 11:00:00,New York,27.8,25.7,61,18.4,1000.6,9,Stormy,🌩️,06:30:00,20:00:00
2025-07-29 12:00:00,New York,29.3,28.8,58,23.0,996.9,7,Snowy,❄️,06:30:00,20:00:00
2025-07-29 13:00:00,New York,33.8,31.9,71,17.7,987.8,9,Sunny,☀️,06:30:00,20:00:00
2025-07-29 14:00:00,New York,18.2,16.0,75,2.2,984.8,3,Stormy,🌩️,06:30:00,20:00:00
2025-07-29 15:00:00,New York,24.2,24.1,77,22.4,1008.8,4,Cloudy,☁️,06:30:00,20:00:00
2025-07-29 16:00:00,New York,22.6,20.3,68,16.3,1027.5,8,Sunny,☀️,06:30:00,20:00:00
2025-07-29 17:00:00,New York,18.2,16.8,72,2.4,1031.1,7,Sunny,☀️,06:30:00,20:00:00
2025-07-29 18:00:00,New York,17.1,14.7,59,19.4,1016.2,10,Rainy,🌧️,06:30:00,20:00:00
2025-07-29 19:00:00,New York,25.6,24.2,55,8.7,1032.1,5,Hazy,🌫️,06:30:00,20:00:00
2025-07-29 20:00:00,New York,32.0,30.9,87,23.1,994.0,2,Cloudy,☁️,06:30:00,20:00:00
2025-07-29 21:00:00,New York,25.1,23.1,71,17.6,989.5,3,Stormy,🌩️,06:30:00,20:00:00
2025-07-29 22:00:00,New York,26.4,25.2,51,12.2,995.6,8,Sunny,☀️,06:30:00,20:00:00
2025-07-29 23:00:00,New York,17.0,15.7,60,12.8,1003.3,9,Snowy,❄️,06:30:00,20:00:00
2025-07-23 00:00:00,London,33.9,33.1,44,8.4,991.0,5,Cloudy,☁️,06:30:00,20:00:00
2025-07-23 01:00:00,London,17.1,14.8,58,16.4,984.2,6,Sunny,☀️,06:30:00,20:00:00
2025-07-23 02:00:00,London,26.2,25.9,67,13.7,1030.7,4,Snowy,❄️,06:30:00,20:00:00
2025-07-23 03:00:00,London,34.8,33.1,67,20.3,994.7,6,Rainy,🌧️,06:30:00,20:00:00
2025-07-23 04:00:00,London,33.7,32.5,83,16.6,1005.9,6,Stormy,🌩️,06:30:00,20:00:00
2025-07-23 05:00:00,London,23.4,23.4,73,14.5,992.6,1,Stormy,🌩️,06:30:00,20:00:00
2025-07-23 06:00:00,London,33.9,31.8,85,20.9,1021.3,3,Stormy,🌩️,06:30:00,20:00:00
2025-07-23 07:00:00,London,20.9,20.6,45,9.3,983.6,8,Snowy,❄️,06:30:00,20:00:00
2025-07-23 08:00:00,London,25.4,24.8,50,3.1,992.8,10,Sunny,☀️,06:30:00,20:00:00
2025-07-23 09:00:00,London,16.8,15.5,73,10.9,1017.9,2,Snowy,❄️,06:30:00,20:00:00
2025-07-23 10:00:00,London,32.7,32.6,76,19.3,1017.2,9,Rainy,🌧️,06:30:00,20:00:00
2025-07-23 11:00:00,London,33.3,32.5,57,8.0,1021.8,4,Snowy,❄️,06:30:00,20:00:00
2025-07-23 12:00:00,London,30.8,30.5,69,12.9,993.3,2,Hazy,🌫️,06:30:00,20:00:00
2025-07-23 13:00:00,London,18.5,17.2,60,22.7,1016.3,10,Rainy,🌧️,06:30:00,20:00:00
2025-07-23 14:00:00,London,23.1,22.6,71,15.6,996.9,8,Stormy,🌩️,06:30:00,20:00:00
2025-07-23 15:00:00,London,28.0,26.5,60,19.3,1001.6,10,Stormy,🌩️,06:30:00,20:00:00
2025-07-23 16:00:00,London,29.9,28.9,79,5.5,1011.6,5,Hazy,🌫️,06:30:00,20:00:00
2025-07-23 17:00:00,London,20.3,19.8,62,16.9,1014.4,3,Snowy,❄️,06:30:00,20:00:00
2025-07-23 18:00:00,London,27.7,25.2,61,17.2,1007.5,7,Stormy,🌩️,06:30:00,20:00:00
2025-07-23 19:00:00,London,18.1,15.9,75,18.1,982.5,7,Rainy,🌧️,06:30:00,20:00:00
2025-07-23 20:00:00,London,16.6,14.9,76,20.4,1000.4,2,Cloudy,☁️,06:30:00,20:00:00
2025-07-23 21:00:00,London,21.0,20.7,80,16.9,1007.5,3,Snowy,❄️,06:30:00,20:00:00
2025-07-23 22:00:00,London,28.8,26.6,90,3.5,1028.3,7,Hazy,🌫️,06:30:00,20:00:00
2025-07-23 23:00:00,London,28.6,26.5,57,10.1,985.8,9,Hazy,🌫️,06:30:00,20:00:00
2025-07-24 00:00:00,London,21.8,20.1,64,9.2,1027.5,4,Stormy,🌩️,06:30:00,20:00:00
2025-07-24 01:00:00,London,31.9,30.4,44,18.2,1023.1,1,Stormy,🌩️,06:30:00,20:00:00
2025-07-24 02:00:00,London,25.4,24.0,69,23.8,1022.9,7,Cloudy,☁️,06:30:00,20:00:00
2025-07-24 03:00:00,London,27.4,26.5,63,23.8,1012.4,4,Cloudy,☁️,06:30:00,20:00:00
2025-07-24 04:00:00,London,32.9,31.2,83,15.8,999.2,4,Snowy,❄️,06:30:00,20:00:00
2025-07-24 05:00:00,London,33.8,31.7,84,21.2,982.2,5,Rainy,🌧️,06:30:00,20:00:00
2025-07-24 06:00:00,London,30.5,28.5,73,16.2,1023.2,2,Snowy,❄️,06:30:00,20:00:00
2025-07-24 07:00:00,London,18.8,18.1,54,8.3,1004.5,2,Rainy,🌧️,06:30:00,20:00:00
2025-07-24 08:00:00,London,16.3,16.2,63,24.4,988.3,4,Stormy,🌩️,06:30:00,20:00:00
2025-07-24 09:00:00,London,28.2,26.7,80,3.7,1013.2,9,Snowy,❄️,06:30:00,20:00:00
2025-07-24 10:00:00,London,20.4,18.7,67,2.2,996.8,1,Hazy,🌫️,06:30:00,20:00:00
2025-07-24 11:00:00,London,30.2,29.6,89,6.0,1012.5,3,Cloudy,☁️,06:30:00,20:00:00
2025-07-24 12:00:00,London,32.2,30.1,60,22.9,992.9,1,Rainy,🌧️,06:30:00,20:00:00
2025-07-24 13:00:00,London,16.8,15.3,42,10.2,1021.1,6,Snowy,❄️,06:30:00,20:00:00
2025-07-24 14:00:00,London,32.0,29.9,63,10.4,1023.8,7,Sunny,☀️,06:30:00,20:00:00
2025-07-24 15:00:00,London,32.2,30.5,48,16.4,1017.9,4,Sunny,☀️,06:30:00,20:00:00
2025-07-24 16:00:00,London,23.7,23.1,44,11.9,1027.0,9,Cloudy,☁️,06:30:00,20:00:00
2025-07-24 17:00:00,London,32.5,30.1,83,24.4,1001.1,1,Rainy,🌧️,06:30:00,20:00:00
2025-07-24 18:00:00,London,23.4,22.2,64,13.1,987.6,6,Cloudy,☁️,06:30:00,20:00:00
2025-07-24 19:00:00,London,23.3,22.2,75,2.3,994.9,10,Stormy,🌩️,06:30:00,20:00:00
2025-07-24 20:00:00,London,32.3,32.3,50,22.1,1016.2,2,Snowy,❄️,06:30:00,20:00:00
2025-07-24 21:00:00,London,26.0,25.1,50,23.9,1001.8,1,Sunny,☀️,06:30:00,20:00:00
2025-07-24 22:00:00,London,29.3,27.5,44,10.9,983.9,9,Sunny,☀️,06:30:00,20:00:00
2025-07-24 23:00:00,London,25.3,22.9,56,9.0,986.7,5,Sunny,☀️,06:30:00,20:00:00
2025-07-25 00:00:00,London,28.1,27.9,43,24.8,993.0,6,Snowy,❄️,06:30:00,20:00:00
2025-07-25 01:00:00,London,29.9,29.4,50,13.9,986.7,6,Stormy,🌩️,06:30:00,20:00:00
2025-07-25 02:00:00,London,24.1,23.5,83,14.5,1024.0,3,Cloudy,☁️,06:30:00,20:00:00
2025-07-25 03:00:00,London,15.3,15.0,58,4.0,987.0,8,Hazy,🌫️,06:30:00,20:00:00
2025-07-25 04:00:00,London,23.1,22.8,74,7.7,1009.5,2,Snowy,❄️,06:30:00,20:00:00
2025-07-25 05:00:00,London,27.7,25.7,87,24.2,1004.5,1,Sunny,☀️,06:30:00,20:00:00
2025-07-25 06:00:00,London,26.0,25.8,70,23.8,1014.0,10,Sunny,☀️,06:30:00,20:00:00
2025-07-25 07:00:00,London,27.9,27.3,75,5.8,999.7,8,Stormy,🌩️,06:30:00,20:00:00
2025-07-25 08:00:00,London,21.1,20.3,40,23.2,1022.6,6,Rainy,🌧️,06:30:00,20:00:00
2025-07-25 09:00:00,London,23.7,23.0,48,19.1,1018.4,4,Snowy,❄️,06:30:00,20:00:00
2025-07-25 10:00:00,London,17.5,17.1,50,23.4,1010.3,9,Hazy,🌫️,06:30:00,20:00:00
2025-07-25 11:00:00,London,30.3,29.7,49,3.6,992.3,9,Sunny,☀️,06:30:00,20:00:00
2025-07-25 12:00:00,London,25.7,25.3,87,18.1,981.6,1,Cloudy,☁️,06:30:00,20:00:00
2025-07-25 13:00:00,London,20.9,18.5,85,20.6,1034.5,10,Sunny,☀️,06:30:00,20:00:00
2025-07-25 14:00:00,London,32.5,31.9,42,14.3,997.6,6,Rainy,🌧️,06:30:00,20:00:00
2025-07-25 15:00:00,London,19.5,17.6,77,8.6,1018.3,1,Cloudy,☁️,06:30:00,20:00:00
2025-07-25 16:00:00,London,17.1,15.3,43,9.2,1025.8,5,Cloudy,☁️,06:30:00,20:00:00
2025-07-25 17:00:00,London,18.9,16.9,76,3.5,1024.8,1,Sunny,☀️,06:30:00,20:00:00
2025-07-25 18:00:00,London,32.5,30.6,82,9.0,981.6,8,Snowy,❄️,06:30:00,20:00:00
2025-07-25 19:00:00,London,26.0,25.6,51,12.6,987.3,2,Stormy,🌩️,06:30:00,20:00:00
2025-07-25 20:00:00,London,23.7,23.2,78,14.8,994.9,3,Hazy,🌫️,06:30:00,20:00:00
2025-07-25 21:00:00,London,22.7,21.4,83,15.4,1028.1,4,Snowy,❄️,06:30:00,20:00:00
2025-07-25 22:00:00,London,18.8,17.6,55,10.1,981.4,1,Snowy,❄️,06:30:00,20:00:00
2025-07-25 23:00:00,London,30.1,29.6,44,15.3,1025.4,9,Sunny,☀️,06:30:00,20:00:00
2025-07-26 00:00:00,London,20.0,19.7,86,22.3,993.1,9,Sunny,☀️,06:30:00,20:00:00
2025-07-26 01:00:00,London,25.8,23.9,63,4.1,1026.9,5,Rainy,🌧️,06:30:00,20:00:00
2025-07-26 02:00:00,London,25.3,24.7,84,22.2,1006.3,3,Rainy,🌧️,06:30:00,20:00:00
2025-07-26 03:00:00,London,28.9,27.7,70,10.9,1032.3,6,Cloudy,☁️,06:30:00,20:00:00
2025-07-26 04:00:00,London,16.5,15.8,86,23.2,1030.3,9,Hazy,🌫️,06:30:00,20:00:00
2025-07-26 05:00:00,London,17.6,17.4,69,16.1,981.4,10,Snowy,❄️,06:30:00,20:00:00
2025-07-26 06:00:00,London,32.2,31.6,86,18.1,1011.6,4,Stormy,🌩️,06:30:00,20:00:00
2025-07-26 07:00:00,London,17.9,17.8,47,24.5,1007.5,6,Sunny,☀️,06:30:00,20:00:00
2025-07-26 08:00:00,London,24.1,23.4,63,15.3,1034.5,9,Stormy,🌩️,06:30:00,20:00:00
2025-07-26 09:00:00,London,26.9,26.7,45,6.1,1000.1,4,Sunny,☀️,06:30:00,20:00:00
2025-07-26 10:00:00,London,33.1,31.6,43,21.6,1024.5,2,Hazy,🌫️,06:30:00,20:00:00
2025-07-26 11:00:00,London,19.2,18.7,87,15.4,997.9,9,Stormy,🌩️,06:30:00,20:00:00
2025-07-26 12:00:00,London,30.0,29.0,62,17.4,1018.4,8,Stormy,🌩️,06:30:00,20:00:00
2025-07-26 13:00:00,London,34.1,32.1,48,20.7,1022.5,1,Rainy,🌧️,06:30:00,20:00:00
2025-07-26 14:00:00,London,18.0,17.8,81,6.4,998.4,1,Stormy,🌩️,06:30:00,20:00:00
2025-07-26 15:00:00,London,29.5,27.8,60,6.3,1014.3,6,Hazy,🌫️,06:30:00,20:00:00
2025-07-26 16:00:00,London,17.1,17.0,76,19.5,1007.4,10,Snowy,❄️,06:30:00,20:00:00
2025-07-26 17:00:00,London,25.3,25.2,40,24.4,990.5,3,Hazy,🌫️,06:30:00,20:00:00
2025-07-26 18:00:00,London,29.6,27.8,40,3.5,1005.9,7,Cloudy,☁️,06:30:00,20:00:00
2025-07-26 19:00:00,London,31.3,31.3,65,10.6,1002.6,7,Sunny,☀️,06:30:00,20:00:00
2025-07-26 20:00:00,London,27.1,25.0,67,23.1,1027.4,4,Sunny,☀️,06:30:00,20:00:00
2025-07-26 21:00:00,London,21.9,21.2,50,23.5,1005.6,3,Hazy,🌫️,06:30:00,20:00:00
2025-07-26 22:00:00,London,24.1,23.4,49,17.1,1008.6,10,Rainy,🌧️,06:30:00,20:00:00
2025-07-26 23:00:00,London,22.2,20.0,44,14.8,995.2,10,Sunny,☀️,06:30:00,20:00:00
2025-07-27 00:00:00,London,34.4,33.4,46,10.1,1023.6,6,Stormy,🌩️,06:30:00,20:00:00
2025-07-27 01:00:00,London,25.2,24.7,50,14.5,1009.7,3,Hazy,🌫️,06:30:00,20:00:00
2025-07-27 02:00:00,London,29.2,28.9,67,20.8,1015.0,5,Stormy,🌩️,06:30:00,20:00:00
2025-07-27 03:00:00,London,25.8,25.1,75,21.8,1010.2,4,Snowy,❄️,06:30:00,20:00:00
2025-07-27 04:00:00,London,19.0,18.6,64,6.4,995.7,2,Rainy,🌧️,06:30:00,20:00:00
2025-07-27 05:00:00,London,33.1,32.6,73,13.3,996.0,1,Snowy,❄️,06:30:00,20:00:00
2025-07-27 06:00:00,London,35.0,32.5,59,13.1,994.1,6,Hazy,🌫️,06:30:00,20:00:00
2025-07-27 07:00:00,London,18.3,16.6,90,2.4,1031.7,4,Stormy,🌩️,06:30:00,20:00:00
2025-07-27 08:00:00,London,29.8,29.6,85,8.6,1025.0,7,Rainy,🌧️,06:30:00,20:00:00
2025-07-27 09:00:00,London,19.1,17.1,42,12.7,1023.3,2,Snowy,❄️,06:30:00,20:00:00
2025-07-27 10:00:00,London,24.5,22.6,79,20.0,987.6,4,Cloudy,☁️,06:30:00,20:00:00
2025-07-27 11:00:00,London,31.7,30.0,76,18.6,1007.1,10,Rainy,🌧️,06:30:00,20:00:00
2025-07-27 12:00:00,London,16.3,15.5,50,6.7,994.5,3,Cloudy,☁️,06:30:00,20:00:00
2025-07-27 13:00:00,London,34.8,33.5,79,3.4,1004.7,1,Snowy,❄️,06:30:00,20:00:00
2025-07-27 14:00:00,London,21.5,21.4,66,4.3,1010.5,2,Rainy,🌧️,06:30:00,20:00:00
2025-07-27 15:00:00,London,31.5,30.4,58,13.2,992.7,10,Sunny,☀️,06:30:00,20:00:00
2025-07-27 16:00:00,London,28.1,26.6,53,12.2,991.2,10,Snowy,❄️,06:30:00,20:00:00
2025-07-27 17:00:00,London,24.2,22.2,50,5.9,1016.0,3,Stormy,🌩️,06:30:00,20:00:00
2025-07-27 18:00:00,London,26.2,24.3,68,15.2,986.1,8,Sunny,☀️,06:30:00,20:00:00
2025-07-27 19:00:00,London,24.4,21.9,88,16.1,985.1,10,Snowy,❄️,06:30:00,20:00:00
2025-07-27 20:00:00,London,30.0,27.6,69,23.3,980.4,3,Sunny,☀️,06:30:00,20:00:00
2025-07-27 21:00:00,London,28.3,28.1,61,24.6,984.8,9,Hazy,🌫️,06:30:00,20:00:00
2025-07-27 22:00:00,London,30.3,28.7,86,2.0,1001.9,9,Stormy,🌩️,06:30:00,20:00:00
2025-07-27 23:00:00,London,24.7,23.7,53,16.6,996.0,1,Sunny,☀️,06:30:00,20:00:00
2025-07-28 00:00:00,London,19.8,17.4,59,16.6,1032.0,4,Stormy,🌩️,06:30:00,20:00:00
2025-07-28 01:00:00,London,19.8,18.5,69,17.9,987.1,2,Sunny,☀️,06:30:00,20:00:00
2025-07-28 02:00:00,London,26.4,24.7,60,11.0,1019.1,3,Stormy,🌩️,06:30:00,20:00:00
2025-07-28 03:00:00,London,27.3,27.2,43,14.8,1006.8,4,Hazy,🌫️,06:30:00,20:00:00
2025-07-28 04:00:00,London,25.0,23.9,71,21.4,1026.2,6,Cloudy,☁️,06:30:00,20:00:00
2025-07-28 05:00:00,London,22.3,21.6,76,16.3,988.4,1,Stormy,🌩️,06:30:00,20:00:00
2025-07-28 06:00:00,London,16.2,15.3,55,6.1,1017.9,2,Cloudy,☁️,06:30:00,20:00:00
2025-07-28 07:00:00,London,26.7,26.0,88,6.4,1016.9,10,Stormy,🌩️,06:30:00,20:00:00
2025-07-28 08:00:00,London,22.5,21.0,46,2.2,1020.6,7,Hazy,🌫️,06:30:00,20:00:00
2025-07-28 09:00:00,London,15.6,13.9,48,6.1,984.9,6,Hazy,🌫️,06:30:00,20:00:00
2025-07-28 10:00:00,London,25.7,23.5,71,19.2,1031.1,3,Sunny,☀️,06:30:00,20:00:00
2025-07-28 11:00:00,London,21.8,21.1,41,7.5,1025.0,8,Cloudy,☁️,06:30:00,20:00:00
2025-07-28 12:00:00,London,32.5,31.2,58,6.9,1030.3,3,Cloudy,☁️,06:30:00,20:00:00
2025-07-28 13:00:00,London,16.4,14.6,76,2.4,1018.0,9,Cloudy,☁️,06:30:00,20:00:00
2025-07-28 14:00:00,London,19.7,18.1,69,10.3,1027.1,5,Hazy,🌫️,06:30:00,20:00:00
2025-07-28 15:00:00,London,25.0,24.5,58,2.9,982.2,5,Hazy,🌫️,06:30:00,20:00:00
2025-07-28 16:00:00,London,33.2,31.8,81,19.7,1007.7,8,Cloudy,☁️,06:30:00,20:00:00
2025-07-28 17:00:00,London,23.8,22.2,51,18.6,1018.9,4,Rainy,🌧️,06:30:00,20:00:00
2025-07-28 18:00:00,London,31.4,30.4,50,20.8,1033.3,7,Cloudy,☁️,06:30:00,20:00:00
2025-07-28 19:00:00,London,16.9,16.1,66,6.5,1000.5,2,Snowy,❄️,06:30:00,20:00:00
2025-07-28 20:00:00,London,23.9,21.6,80,17.0,1005.8,8,Rainy,🌧️,06:30:00,20:00:00
2025-07-28 21:00:00,London,27.8,26.5,70,15.0,982.1,6,Sunny,☀️,06:30:00,20:00:00
2025-07-28 22:00:00,London,27.9,27.2,83,8.2,1017.6,4,Stormy,🌩️,06:30:00,20:00:00
2025-07-28 23:00:00,London,32.5,30.0,63,21.3,1014.8,3,Sunny,☀️,06:30:00,20:00:00
2025-07-29 00:00:00,London,33.8,32.0,65,12.4,987.6,5,Sunny,☀️,06:30:00,20:00:00
2025-07-29 01:00:00,London,20.0,19.5,49,11.9,1011.5,4,Sunny,☀️,06:30:00,20:00:00
2025-07-29 02:00:00,London,33.5,32.2,89,21.4,989.5,4,Hazy,🌫️,06:30:00,20:00:00
2025-07-29 03:00:00,London,27.7,27.3,53,4.8,1006.1,4,Snowy,❄️,06:30:00,20:00:00
2025-07-29 04:00:00,London,33.2,33.1,46,18.7,1008.2,8,Sunny,☀️,06:30:00,20:00:00
2025-07-29 05:00:00,London,22.5,21.8,40,19.9,1023.3,10,Cloudy,☁️,06:30:00,20:00:00
2025-07-29 06:00:00,London,22.6,22.2,42,5.8,984.2,10,Cloudy,☁️,06:30:00,20:00:00
2025-07-29 07:00:00,London,15.4,14.7,64,11.1,1003.8,2,Sunny,☀️,06:30:00,20:00:00
2025-07-29 08:00:00,London,28.3,27.0,88,16.6,980.7,4,Stormy,🌩️,06:30:00,20:00:00
2025-07-29 09:00:00,London,21.3,20.1,53,21.4,1009.6,7,Sunny,☀️,06:30:00,20:00:00
2025-07-29 10:00:00,London,34.5,32.2,48,21.9,982.2,2,Cloudy,☁️,06:30:00,20:00:00
2025-07-29 11:00:00,London,25.6,24.2,89,21.9,1005.7,5,Cloudy,☁️,06:30:00,20:00:00
2025-07-29 12:00:00,London,16.3,15.5,61,15.8,981.9,8,Sunny,☀️,06:30:00,20:00:00
2025-07-29 13:00:00,London,22.4,21.2,76,5.7,981.7,3,Hazy,🌫️,06:30:00,20:00:00
2025-07-29 14:00:00,London,30.8,29.2,82,18.8,1032.6,2,Hazy,🌫️,06:30:00,20:00:00
2025-07-29 15:00:00,London,27.0,26.4,67,14.1,984.3,10,Cloudy,☁️,06:30:00,20:00:00
2025-07-29 16:00:00,London,19.9,17.8,50,10.8,997.5,7,Cloudy,☁️,06:30:00,20:00:00
2025-07-29 17:00:00,London,27.9,27.5,51,11.5,1011.2,5,Stormy,🌩️,06:30:00,20:00:00
2025-07-29 18:00:00,London,34.4,33.3,74,23.7,982.3,6,Stormy,🌩️,06:30:00,20:00:00
2025-07-29 19:00:00,London,19.9,19.6,55,5.7,1014.3,7,Snowy,❄️,06:30:00,20:00:00
2025-07-29 20:00:00,London,29.9,28.7,72,11.0,994.1,1,Rainy,🌧️,06:30:00,20:00:00
2025-07-29 21:00:00,London,34.0,32.2,73,22.7,990.7,1,Hazy,🌫️,06:30:00,20:00:00
2025-07-29 22:00:00,London,28.8,27.2,76,15.2,995.1,8,Cloudy,☁️,06:30:00,20:00:00
2025-07-29 23:00:00,London,24.1,23.6,73,10.0,1033.9,1,Sunny,☀️,06:30:00,20:00:00
2025-07-23 00:00:00,Tokyo,28.5,26.7,44,19.2,1033.0,8,Stormy,🌩️,06:30:00,20:00:00
2025-07-23 01:00:00,Tokyo,34.6,34.5,46,12.5,1021.0,5,Snowy,❄️,06:30:00,20:00:00
2025-07-23 02:00:00,Tokyo,22.5,21.1,78,14.1,1025.5,4,Stormy,🌩️,06:30:00,20:00:00
2025-07-23 03:00:00,Tokyo,22.4,20.9,45,18.3,996.6,5,Stormy,🌩️,06:30:00,20:00:00
2025-07-23 04:00:00,Tokyo,29.4,29.2,56,24.3,1014.5,1,Rainy,🌧️,06:30:00,20:00:00
2025-07-23 05:00:00,Tokyo,34.2,34.1,80,11.0,985.4,5,Hazy,🌫️,06:30:00,20:00:00
2025-07-23 06:00:00,Tokyo,30.3,29.6,77,14.3,1014.4,9,Rainy,🌧️,06:30:00,20:00:00
2025-07-23 07:00:00,Tokyo,24.5,24.2,61,24.8,1000.6,7,Rainy,🌧️,06:30:00,20:00:00
2025-07-23 08:00:00,Tokyo,18.7,17.6,89,20.9,984.7,4,Sunny,☀️,06:30:00,20:00:00
2025-07-23 09:00:00,Tokyo,25.3,24.3,60,4.2,992.6,6,Hazy,🌫️,06:30:00,20:00:00
2025-07-23 10:00:00,Tokyo,28.0,27.7,67,20.8,995.4,3,Snowy,❄️,06:30:00,20:00:00
2025-07-23 11:00:00,Tokyo,20.1,18.6,87,15.0,1025.9,10,Hazy,🌫️,06:30:00,20:00:00
2025-07-23 12:00:00,Tokyo,15.1,12.7,43,24.4,984.0,2,Cloudy,☁️,06:30:00,20:00:00
2025-07-23 13:00:00,Tokyo,20.2,17.9,75,4.4,1030.8,1,Cloudy,☁️,06:30:00,20:00:00
2025-07-23 14:00:00,Tokyo,33.3,31.3,58,23.9,982.3,3,Hazy,🌫️,06:30:00,20:00:00
2025-07-23 15:00:00,Tokyo,33.1,32.3,65,10.8,996.9,4,Snowy,❄️,06:30:00,20:00:00
2025-07-23 16:00:00,Tokyo,32.1,30.1,49,17.2,995.5,6,Rainy,🌧️,06:30:00,20:00:00
2025-07-23 17:00:00,Tokyo,30.0,27.8,69,14.4,995.4,6,Sunny,☀️,06:30:00,20:00:00
2025-07-23 18:00:00,Tokyo,31.7,30.6,59,9.0,1028.5,7,Hazy,🌫️,06:30:00,20:00:00
2025-07-23 19:00:00,Tokyo,19.1,17.5,65,23.1,1000.9,2,Snowy,❄️,06:30:00,20:00:00
2025-07-23 20:00:00,Tokyo,26.3,25.1,80,7.9,1030.1,2,Stormy,🌩️,06:30:00,20:00:00
2025-07-23 21:00:00,Tokyo,29.8,29.8,69,5.1,990.3,10,Cloudy,☁️,06:30:00,20:00:00
2025-07-23 22:00:00,Tokyo,32.0,30.1,67,23.6,1009.7,2,Cloudy,☁️,06:30:00,20:00:00
2025-07-23 23:00:00,Tokyo,17.4,15.8,57,11.3,1001.6,7,Cloudy,☁️,06:30:00,20:00:00
2025-07-24 00:00:00,Tokyo,27.7,27.7,52,9.2,1024.8,10,Hazy,🌫️,06:30:00,20:00:00
2025-07-24 01:00:00,Tokyo,16.8,15.2,61,13.3,1017.2,2,Rainy,🌧️,06:30:00,20:00:00
2025-07-24 02:00:00,Tokyo,24.2,22.0,73,6.3,1034.2,3,Stormy,🌩️,06:30:00,20:00:00
2025-07-24 03:00:00,Tokyo,15.3,14.4,79,3.9,986.4,5,Sunny,☀️,06:30:00,20:00:00
2025-07-24 04:00:00,Tokyo,20.2,19.7,54,16.1,987.7,3,Rainy,🌧️,06:30:00,20:00:00
2025-07-24 05:00:00,Tokyo,28.3,28.0,71,5.7,1002.8,2,Rainy,🌧️,06:30:00,20:00:00
2025-07-24 06:00:00,Tokyo,25.9,24.1,52,21.2,1015.7,2,Rainy,🌧️,06:30:00,20:00:00
2025-07-24 07:00:00,Tokyo,19.6,19.5,58,6.1,1016.9,5,Snowy,❄️,06:30:00,20:00:00
2025-07-24 08:00:00,Tokyo,33.0,30.5,87,7.7,994.7,3,Snowy,❄️,06:30:00,20:00:00
2025-07-24 09:00:00,Tokyo,19.2,18.6,57,15.0,1011.1,10,Cloudy,☁️,06:30:00,20:00:00
2025-07-24 10:00:00,Tokyo,20.4,19.2,59,15.9,1023.8,4,Rainy,🌧️,06:30:00,20:00:00
2025-07-24 11:00:00,Tokyo,31.2,29.8,88,9.5,991.3,9,Snowy,❄️,06:30:00,20:00:00
2025-07-24 12:00:00,Tokyo,30.8,30.7,60,24.9,1031.1,9,Stormy,🌩️,06:30:00,20:00:00
2025-07-24 13:00:00,Tokyo,25.7,24.9,74,9.0,1011.4,5,Cloudy,☁️,06:30:00,20:00:00
2025-07-24 14:00:00,Tokyo,18.7,17.6,59,16.6,1001.7,5,Cloudy,☁️,06:30:00,20:00:00
2025-07-24 15:00:00,Tokyo,15.9,15.8,81,14.3,999.0,9,Rainy,🌧️,06:30:00,20:00:00
2025-07-24 16:00:00,Tokyo,23.9,23.5,80,18.0,990.8,5,Rainy,🌧️,06:30:00,20:00:00
2025-07-24 17:00:00,Tokyo,32.7,31.4,75,14.4,990.8,4,Stormy,🌩️,06:30:00,20:00:00
2025-07-24 18:00:00,Tokyo,23.7,22.6,49,2.7,982.5,1,Snowy,❄️,06:30:00,20:00:00
2025-07-24 19:00:00,Tokyo,17.1,16.7,78,15.4,988.9,4,Rainy,🌧️,06:30:00,20:00:00
2025-07-24 20:00:00,Tokyo,33.5,31.7,90,10.2,1029.4,8,Stormy,🌩️,06:30:00,20:00:00
2025-07-24 21:00:00,Tokyo,28.2,28.1,75,21.0,1017.7,6,Sunny,☀️,06:30:00,20:00:00
2025-07-24 22:00:00,Tokyo,24.7,24.1,49,2.5,991.1,1,Sunny,☀️,06:30:00,20:00:00
2025-07-24 23:00:00,Tokyo,16.2,13.9,60,3.7,1015.7,9,Rainy,🌧️,06:30:00,20:00:00
2025-07-25 00:00:00,Tokyo,25.5,25.3,42,19.9,986.9,9,Hazy,🌫️,06:30:00,20:00:00
2025-07-25 01:00:00,Tokyo,21.9,21.8,86,3.9,1006.8,9,Hazy,🌫️,06:30:00,20:00:00
2025-07-25 02:00:00,Tokyo,23.5,22.5,54,10.7,1013.7,4,Rainy,🌧️,06:30:00,20:00:00
2025-07-25 03:00:00,Tokyo,16.7,15.2,83,25.0,984.5,2,Snowy,❄️,06:30:00,20:00:00
2025-07-25 04:00:00,Tokyo,24.5,23.9,88,5.6,990.7,2,Hazy,🌫️,06:30:00,20:00:00
2025-07-25 05:00:00,Tokyo,24.0,22.0,57,22.6,1021.7,2,Rainy,🌧️,06:30:00,20:00:00
2025-07-25 06:00:00,Tokyo,21.0,19.5,44,22.4,1006.0,1,Snowy,❄️,06:30:00,20:00:00
2025-07-25 07:00:00,Tokyo,19.7,19.1,51,9.7,1009.0,2,Hazy,🌫️,06:30:00,20:00:00
2025-07-25 08:00:00,Tokyo,17.5,16.6,69,3.0,989.9,6,Hazy,🌫️,06:30:00,20:00:00
2025-07-25 09:00:00,Tokyo,15.5,14.2,74,11.7,1032.2,9,Stormy,🌩️,06:30:00,20:00:00
2025-07-25 10:00:00,Tokyo,16.5,15.8,86,12.2,1010.3,5,Snowy,❄️,06:30:00,20:00:00
2025-07-25 11:00:00,Tokyo,30.1,28.9,45,16.0,1002.5,8,Rainy,🌧️,06:30:00,20:00:00
2025-07-25 12:00:00,Tokyo,16.8,14.6,51,7.0,1026.7,7,Cloudy,☁️,06:30:00,20:00:00
2025-07-25 13:00:00,Tokyo,34.3,34.1,76,22.2,1029.9,8,Cloudy,☁️,06:30:00,20:00:00
2025-07-25 14:00:00,Tokyo,32.5,31.7,89,7.6,998.6,4,Stormy,🌩️,06:30:00,20:00:00
2025-07-25 15:00:00,Tokyo,26.2,24.1,51,6.2,1005.2,6,Sunny,☀️,06:30:00,20:00:00
2025-07-25 16:00:00,Tokyo,31.4,29.1,65,22.1,989.1,1,Stormy,🌩️,06:30:00,20:00:00
2025-07-25 17:00:00,Tokyo,34.5,34.0,74,9.4,1030.8,6,Stormy,🌩️,06:30:00,20:00:00
2025-07-25 18:00:00,Tokyo,18.6,17.1,81,9.8,1011.4,5,Stormy,🌩️,06:30:00,20:00:00
2025-07-25 19:00:00,Tokyo,29.5,29.1,78,22.3,990.1,7,Hazy,🌫️,06:30:00,20:00:00
2025-07-25 20:00:00,Tokyo,21.6,19.1,48,10.1,1005.6,9,Stormy,🌩️,06:30:00,20:00:00
2025-07-25 21:00:00,Tokyo,22.3,21.7,78,5.0,1019.2,5,Snowy,❄️,06:30:00,20:00:00
2025-07-25 22:00:00,Tokyo,17.2,15.5,78,16.2,1001.9,6,Hazy,🌫️,06:30:00,20:00:00
2025-07-25 23:00:00,Tokyo,27.7,27.6,47,4.9,982.8,8,Sunny,☀️,06:30:00,20:00:00
2025-07-26 00:00:00,Tokyo,30.6,29.1,80,13.1,1016.5,1,Snowy,❄️,06:30:00,20:00:00
2025-07-26 01:00:00,Tokyo,23.7,23.0,58,14.3,981.6,3,Stormy,🌩️,06:30:00,20:00:00
2025-07-26 02:00:00,Tokyo,20.1,17.8,67,12.5,1015.2,4,Hazy,🌫️,06:30:00,20:00:00
2025-07-26 03:00:00,Tokyo,25.2,23.0,49,2.1,1026.7,6,Hazy,🌫️,06:30:00,20:00:00
2025-07-26 04:00:00,Tokyo,34.2,34.1,45,11.3,1011.5,6,Cloudy,☁️,06:30:00,20:00:00
2025-07-26 05:00:00,Tokyo,21.2,20.0,45,13.1,1019.3,6,Stormy,🌩️,06:30:00,20:00:00
2025-07-26 06:00:00,Tokyo,19.4,17.1,58,13.8,1020.0,10,Sunny,☀️,06:30:00,20:00:00
2025-07-26 07:00:00,Tokyo,29.6,27.8,90,20.9,998.5,5,Hazy,🌫️,06:30:00,20:00:00
2025-07-26 08:00:00,Tokyo,17.2,16.8,89,4.8,998.5,3,Snowy,❄️,06:30:00,20:00:00
2025-07-26 09:00:00,Tokyo,29.5,27.6,56,13.7,993.7,1,Cloudy,☁️,06:30:00,20:00:00
2025-07-26 10:00:00,Tokyo,20.1,19.1,74,22.7,1016.0,10,Hazy,🌫️,06:30:00,20:00:00
2025-07-26 11:00:00,Tokyo,21.9,21.8,41,13.1,987.5,3,Snowy,❄️,06:30:00,20:00:00
2025-07-26 12:00:00,Tokyo,18.8,18.7,45,3.3,1016.7,6,Hazy,🌫️,06:30:00,20:00:00
2025-07-26 13:00:00,Tokyo,26.5,24.4,61,17.4,1010.2,7,Sunny,☀️,06:30:00,20:00:00
2025-07-26 14:00:00,Tokyo,30.7,30.5,43,7.0,1014.2,5,Rainy,🌧️,06:30:00,20:00:00
2025-07-26 15:00:00,Tokyo,27.2,24.9,63,15.8,989.5,2,Cloudy,☁️,06:30:00,20:00:00
2025-07-26 16:00:00,Tokyo,33.5,31.7,60,3.2,982.1,5,Stormy,🌩️,06:30:00,20:00:00
2025-07-26 17:00:00,Tokyo,16.8,15.8,78,9.2,999.0,3,Sunny,☀️,06:30:00,20:00:00
2025-07-26 18:00:00,Tokyo,28.0,25.8,66,24.3,993.1,5,Stormy,🌩️,06:30:00,20:00:00
2025-07-26 19:00:00,Tokyo,30.0,27.6,73,2.9,1007.2,6,Cloudy,☁️,06:30:00,20:00:00
2025-07-26 20:00:00,Tokyo,16.7,16.1,72,11.1,980.2,7,Hazy,🌫️,06:30:00,20:00:00
2025-07-26 21:00:00,Tokyo,26.0,24.2,51,22.9,1021.9,10,Stormy,🌩️,06:30:00,20:00:00
2025-07-26 22:00:00,Tokyo,31.9,29.8,67,7.6,1006.4,8,Rainy,🌧️,06:30:00,20:00:00
2025-07-26 23:00:00,Tokyo,18.6,16.8,62,2.4,1006.7,3,Stormy,🌩️,06:30:00,20:00:00
2025-07-27 00:00:00,Tokyo,28.5,27.5,56,22.2,1015.5,8,Sunny,☀️,06:30:00,20:00:00
2025-07-27 01:00:00,Tokyo,16.8,16.5,65,6.5,998.2,8,Snowy,❄️,06:30:00,20:00:00
2025-07-27 02:00:00,Tokyo,29.6,27.4,80,8.1,983.1,9,Rainy,🌧️,06:30:00,20:00:00
2025-07-27 03:00:00,Tokyo,20.0,18.2,43,16.6,1024.5,6,Cloudy,☁️,06:30:00,20:00:00
2025-07-27 04:00:00,Tokyo,21.9,21.2,74,10.1,1026.1,9,Rainy,🌧️,06:30:00,20:00:00
2025-07-27 05:00:00,Tokyo,28.4,27.9,45,10.9,982.8,2,Cloudy,☁️,06:30:00,20:00:00
2025-07-27 06:00:00,Tokyo,19.4,19.1,46,22.9,1017.1,5,Sunny,☀️,06:30:00,20:00:00
2025-07-27 07:00:00,Tokyo,17.9,16.7,56,20.7,1014.4,7,Rainy,🌧️,06:30:00,20:00:00
2025-07-27 08:00:00,Tokyo,32.0,30.4,86,20.3,1021.6,8,Cloudy,☁️,06:30:00,20:00:00
2025-07-27 09:00:00,Tokyo,20.6,19.6,40,7.1,1024.0,1,Snowy,❄️,06:30:00,20:00:00
2025-07-27 10:00:00,Tokyo,18.8,18.0,68,10.1,1027.6,5,Rainy,🌧️,06:30:00,20:00:00
2025-07-27 11:00:00,Tokyo,22.5,20.7,42,21.8,1014.1,5,Stormy,🌩️,06:30:00,20:00:00
2025-07-27 12:00:00,Tokyo,26.6,25.6,59,15.0,1029.6,5,Hazy,🌫️,06:30:00,20:00:00
2025-07-27 13:00:00,Tokyo,27.5,27.2,47,8.5,1011.5,3,Sunny,☀️,06:30:00,20:00:00
2025-07-27 14:00:00,Tokyo,34.8,33.5,77,20.6,995.3,10,Rainy,🌧️,06:30:00,20:00:00
2025-07-27 15:00:00,Tokyo,30.0,29.3,49,24.2,984.4,2,Sunny,☀️,06:30:00,20:00:00
2025-07-27 16:00:00,Tokyo,24.2,22.7,83,24.7,988.6,8,Snowy,❄️,06:30:00,20:00:00
2025-07-27 17:00:00,Tokyo,29.0,29.0,62,16.0,1022.2,2,Snowy,❄️,06:30:00,20:00:00
2025-07-27 18:00:00,Tokyo,28.2,26.4,70,16.2,1022.0,3,Stormy,🌩️,06:30:00,20:00:00
2025-07-27 19:00:00,Tokyo,32.2,30.2,45,9.1,1003.0,5,Rainy,🌧️,06:30:00,20:00:00
2025-07-27 20:00:00,Tokyo,20.9,19.6,88,22.4,1019.8,5,Rainy,🌧️,06:30:00,20:00:00
2025-07-27 21:00:00,Tokyo,26.8,24.7,81,17.8,1028.2,10,Cloudy,☁️,06:30:00,20:00:00
2025-07-27 22:00:00,Tokyo,19.6,19.6,89,8.9,1013.9,3,Sunny,☀️,06:30:00,20:00:00
2025-07-27 23:00:00,Tokyo,34.8,33.7,67,21.8,1009.4,4,Snowy,❄️,06:30:00,20:00:00
2025-07-28 00:00:00,Tokyo,29.0,28.5,79,21.6,981.5,7,Cloudy,☁️,06:30:00,20:00:00
2025-07-28 01:00:00,Tokyo,23.6,22.4,46,13.9,1006.5,5,Snowy,❄️,06:30:00,20:00:00
2025-07-28 02:00:00,Tokyo,26.9,26.4,47,17.7,1022.0,7,Cloudy,☁️,06:30:00,20:00:00
2025-07-28 03:00:00,Tokyo,35.0,32.6,54,3.9,1025.1,4,Cloudy,☁️,06:30:00,20:00:00
2025-07-28 04:00:00,Tokyo,31.9,31.5,50,20.6,992.0,8,Stormy,🌩️,06:30:00,20:00:00
2025-07-28 05:00:00,Tokyo,19.5,17.8,46,19.0,1012.6,3,Cloudy,☁️,06:30:00,20:00:00
2025-07-28 06:00:00,Tokyo,31.2,29.0,77,19.3,997.7,3,Snowy,❄️,06:30:00,20:00:00
2025-07-28 07:00:00,Tokyo,33.9,31.9,65,24.6,993.6,6,Cloudy,☁️,06:30:00,20:00:00
2025-07-28 08:00:00,Tokyo,22.7,21.6,82,16.5,1015.7,10,Hazy,🌫️,06:30:00,20:00:00
2025-07-28 09:00:00,Tokyo,21.2,20.3,77,21.1,1020.7,8,Sunny,☀️,06:30:00,20:00:00
2025-07-28 10:00:00,Tokyo,34.1,32.6,81,2.3,983.6,1,Hazy,🌫️,06:30:00,20:00:00
2025-07-28 11:00:00,Tokyo,18.1,15.9,87,4.5,1008.8,10,Stormy,🌩️,06:30:00,20:00:00
2025-07-28 12:00:00,Tokyo,22.1,20.2,48,15.6,1003.1,9,Snowy,❄️,06:30:00,20:00:00
2025-07-28 13:00:00,Tokyo,15.3,13.7,52,14.7,1034.7,1,Hazy,🌫️,06:30:00,20:00:00
2025-07-28 14:00:00,Tokyo,29.2,27.2,59,20.9,1010.6,2,Snowy,❄️,06:30:00,20:00:00
2025-07-28 15:00:00,Tokyo,33.7,31.9,71,18.9,1012.9,10,Hazy,🌫️,06:30:00,20:00:00
2025-07-28 16:00:00,Tokyo,15.0,14.7,79,2.2,992.3,2,Cloudy,☁️,06:30:00,20:00:00
2025-07-28 17:00:00,Tokyo,19.0,17.4,63,9.0,1006.4,7,Stormy,🌩️,06:30:00,20:00:00
2025-07-28 18:00:00,Tokyo,21.2,19.3,80,17.1,982.5,10,Rainy,🌧️,06:30:00,20:00:00
2025-07-28 19:00:00,Tokyo,18.5,17.8,80,3.7,1032.9,4,Sunny,☀️,06:30:00,20:00:00
2025-07-28 20:00:00,Tokyo,22.2,20.0,45,14.4,993.2,1,Snowy,❄️,06:30:00,20:00:00
2025-07-28 21:00:00,Tokyo,33.6,31.1,65,14.6,1008.4,7,Snowy,❄️,06:30:00,20:00:00
2025-07-28 22:00:00,Tokyo,26.3,25.1,52,10.3,989.9,10,Sunny,☀️,06:30:00,20:00:00
2025-07-28 23:00:00,Tokyo,15.2,14.1,44,19.3,996.3,1,Hazy,🌫️,06:30:00,20:00:00
2025-07-29 00:00:00,Tokyo,29.5,27.4,59,13.2,1003.3,5,Hazy,🌫️,06:30:00,20:00:00
2025-07-29 01:00:00,Tokyo,18.6,16.8,50,21.6,998.6,1,Sunny,☀️,06:30:00,20:00:00
2025-07-29 02:00:00,Tokyo,20.4,18.7,41,14.0,1021.3,1,Hazy,🌫️,06:30:00,20:00:00
2025-07-29 03:00:00,Tokyo,30.1,29.9,80,9.0,1016.2,5,Snowy,❄️,06:30:00,20:00:00
2025-07-29 04:00:00,Tokyo,28.2,27.2,49,22.6,1030.4,4,Stormy,🌩️,06:30:00,20:00:00
2025-07-29 05:00:00,Tokyo,28.0,27.3,73,3.3,1003.0,5,Snowy,❄️,06:30:00,20:00:00
2025-07-29 06:00:00,Tokyo,26.1,25.0,74,10.8,997.1,9,Rainy,🌧️,06:30:00,20:00:00
2025-07-29 07:00:00,Tokyo,30.0,28.5,40,5.0,1029.2,4,Sunny,☀️,06:30:00,20:00:00
2025-07-29 08:00:00,Tokyo,25.0,24.9,42,9.8,1016.2,1,Stormy,🌩️,06:30:00,20:00:00
2025-07-29 09:00:00,Tokyo,24.5,24.3,68,8.7,1007.8,3,Snowy,❄️,06:30:00,20:00:00
2025-07-29 10:00:00,Tokyo,26.8,25.7,67,6.0,997.8,6,Hazy,🌫️,06:30:00,20:00:00
2025-07-29 11:00:00,Tokyo,22.7,21.0,49,19.2,1000.2,5,Rainy,🌧️,06:30:00,20:00:00
2025-07-29 12:00:00,Tokyo,19.0,17.5,79,9.3,1029.3,8,Hazy,🌫️,06:30:00,20:00:00
2025-07-29 13:00:00,Tokyo,26.6,24.5,74,23.4,995.4,7,Rainy,🌧️,06:30:00,20:00:00
2025-07-29 14:00:00,Tokyo,21.6,21.2,87,16.6,1028.8,2,Hazy,🌫️,06:30:00,20:00:00
2025-07-29 15:00:00,Tokyo,24.0,22.7,56,11.7,1008.8,7,Snowy,❄️,06:30:00,20:00:00
2025-07-29 16:00:00,Tokyo,21.8,21.5,58,3.3,982.6,1,Rainy,🌧️,06:30:00,20:00:00
2025-07-29 17:00:00,Tokyo,17.1,14.8,77,24.4,1031.2,1,Stormy,🌩️,06:30:00,20:00:00
2025-07-29 18:00:00,Tokyo,31.2,31.1,63,10.7,986.6,7,Rainy,🌧️,06:30:00,20:00:00
2025-07-29 19:00:00,Tokyo,34.2,32.5,90,21.5,984.1,10,Cloudy,☁️,06:30:00,20:00:00
2025-07-29 20:00:00,Tokyo,19.6,19.2,83,15.7,982.3,1,Rainy,🌧️,06:30:00,20:00:00
2025-07-29 21:00:00,Tokyo,24.6,23.0,53,18.2,1002.7,1,Rainy,🌧️,06:30:00,20:00:00
2025-07-29 22:00:00,Tokyo,25.4,24.3,43,16.5,1016.0,1,Cloudy,☁️,06:30:00,20:00:00
2025-07-29 23:00:00,Tokyo,21.5,19.9,41,6.8,999.0,10,Sunny,☀️,06:30:00,20:00:00
2025-07-23 00:00:00,Delhi,26.6,24.7,62,7.4,1025.7,6,Sunny,☀️,06:30:00,20:00:00
2025-07-23 01:00:00,Delhi,27.3,26.0,78,22.6,1025.2,6,Cloudy,☁️,06:30:00,20:00:00
2025-07-23 02:00:00,Delhi,25.2,23.0,70,5.0,981.5,2,Snowy,❄️,06:30:00,20:00:00
2025-07-23 03:00:00,Delhi,32.8,32.2,59,9.7,996.7,8,Cloudy,☁️,06:30:00,20:00:00
2025-07-23 04:00:00,Delhi,16.4,14.1,58,11.6,1023.8,10,Cloudy,☁️,06:30:00,20:00:00
2025-07-23 05:00:00,Delhi,27.4,25.7,66,23.8,1007.7,3,Stormy,🌩️,06:30:00,20:00:00
2025-07-23 06:00:00,Delhi,25.2,24.7,87,2.6,1009.6,9,Sunny,☀️,06:30:00,20:00:00
2025-07-23 07:00:00,Delhi,33.6,32.5,42,14.2,982.1,4,Rainy,🌧️,06:30:00,20:00:00
2025-07-23 08:00:00,Delhi,18.8,18.6,55,5.9,1008.0,1,Hazy,🌫️,06:30:00,20:00:00
2025-07-23 09:00:00,Delhi,30.7,30.5,75,18.3,996.2,2,Hazy,🌫️,06:30:00,20:00:00
2025-07-23 10:00:00,Delhi,34.8,34.2,89,23.1,1013.6,5,Sunny,☀️,06:30:00,20:00:00
2025-07-23 11:00:00,Delhi,34.0,31.8,57,20.2,1027.8,10,Stormy,🌩️,06:30:00,20:00:00
2025-07-23 12:00:00,Delhi,18.9,16.9,86,9.2,997.5,10,Rainy,🌧️,06:30:00,20:00:00
2025-07-23 13:00:00,Delhi,22.0,22.0,47,19.9,996.4,4,Hazy,🌫️,06:30:00,20:00:00
2025-07-23 14:00:00,Delhi,31.0,30.8,55,16.8,980.7,5,Stormy,🌩️,06:30:00,20:00:00
2025-07-23 15:00:00,Delhi,18.6,16.6,77,19.6,986.1,7,Hazy,🌫️,06:30:00,20:00:00
2025-07-23 16:00:00,Delhi,22.4,21.7,75,20.2,981.5,5,Hazy,🌫️,06:30:00,20:00:00
2025-07-23 17:00:00,Delhi,17.3,16.0,77,14.9,989.8,10,Rainy,🌧️,06:30:00,20:00:00
2025-07-23 18:00:00,Delhi,34.0,32.0,83,5.5,1010.6,2,Snowy,❄️,06:30:00,20:00:00
2025-07-23 19:00:00,Delhi,30.2,28.3,61,23.7,1034.5,8,Cloudy,☁️,06:30:00,20:00:00
2025-07-23 20:00:00,Delhi,21.9,21.9,61,10.5,994.2,7,Rainy,🌧️,06:30:00,20:00:00
2025-07-23 21:00:00,Delhi,26.9,24.5,46,14.9,996.4,10,Cloudy,☁️,06:30:00,20:00:00
2025-07-23 22:00:00,Delhi,28.0,25.9,60,5.2,993.1,4,Snowy,❄️,06:30:00,20:00:00
2025-07-23 23:00:00,Delhi,18.7,18.6,75,17.7,1024.9,4,Stormy,🌩️,06:30:00,20:00:00
2025-07-24 00:00:00,Delhi,30.9,30.6,64,10.1,995.8,2,Snowy,❄️,06:30:00,20:00:00
2025-07-24 01:00:00,Delhi,18.9,18.2,48,2.5,993.7,5,Sunny,☀️,06:30:00,20:00:00
2025-07-24 02:00:00,Delhi,29.0,27.1,63,10.9,1002.1,6,Stormy,🌩️,06:30:00,20:00:00
2025-07-24 03:00:00,Delhi,30.7,30.6,42,23.3,1032.3,1,Rainy,🌧️,06:30:00,20:00:00
2025-07-24 04:00:00,Delhi,17.9,16.7,85,11.2,988.2,8,Sunny,☀️,06:30:00,20:00:00
2025-07-24 05:00:00,Delhi,30.8,28.5,84,8.2,999.1,9,Snowy,❄️,06:30:00,20:00:00
2025-07-24 06:00:00,Delhi,31.9,31.2,85,22.7,999.2,1,Cloudy,☁️,06:30:00,20:00:00
2025-07-24 07:00:00,Delhi,24.4,21.9,64,22.6,1014.3,1,Rainy,🌧️,06:30:00,20:00:00
2025-07-24 08:00:00,Delhi,21.1,21.0,60,12.6,1023.0,1,Rainy,🌧️,06:30:00,20:00:00
2025-07-24 09:00:00,Delhi,16.6,15.6,79,2.6,1000.0,10,Sunny,☀️,06:30:00,20:00:00
2025-07-24 10:00:00,Delhi,15.0,14.5,79,7.3,1026.9,7,Rainy,🌧️,06:30:00,20:00:00
2025-07-24 11:00:00,Delhi,32.4,32.4,68,23.8,1008.8,7,Sunny,☀️,06:30:00,20:00:00
2025-07-24 12:00:00,Delhi,30.3,29.8,86,3.9,1002.4,5,Snowy,❄️,06:30:00,20:00:00
2025-07-24 13:00:00,Delhi,17.4,16.9,43,6.5,997.2,10,Cloudy,☁️,06:30:00,20:00:00
2025-07-24 14:00:00,Delhi,25.4,23.5,88,4.6,985.4,8,Stormy,🌩️,06:30:00,20:00:00
2025-07-24 15:00:00,Delhi,22.0,20.5,55,9.8,1013.1,3,Rainy,🌧️,06:30:00,20:00:00
2025-07-24 16:00:00,Delhi,15.7,14.7,75,8.1,991.1,5,Hazy,🌫️,06:30:00,20:00:00
2025-07-24 17:00:00,Delhi,33.3,31.2,84,16.1,1022.4,3,Cloudy,☁️,06:30:00,20:00:00
2025-07-24 18:00:00,Delhi,32.6,31.0,46,12.7,999.9,8,Snowy,❄️,06:30:00,20:00:00
2025-07-24 19:00:00,Delhi,29.1,27.9,43,20.5,991.4,3,Stormy,🌩️,06:30:00,20:00:00
2025-07-24 20:00:00,Delhi,33.8,33.8,74,8.1,1004.6,4,Snowy,❄️,06:30:00,20:00:00
2025-07-24 21:00:00,Delhi,31.2,29.8,49,16.3,1019.2,5,Hazy,🌫️,06:30:00,20:00:00
2025-07-24 22:00:00,Delhi,22.1,20.9,51,20.3,987.2,5,Snowy,❄️,06:30:00,20:00:00
2025-07-24 23:00:00,Delhi,20.7,20.0,55,17.0,1004.4,7,Hazy,🌫️,06:30:00,20:00:00
2025-07-25 00:00:00,Delhi,34.3,33.9,45,6.5,1012.5,2,Cloudy,☁️,06:30:00,20:00:00
2025-07-25 01:00:00,Delhi,30.9,29.6,60,2.3,991.5,6,Sunny,☀️,06:30:00,20:00:00
2025-07-25 02:00:00,Delhi,25.2,25.2,61,10.4,1011.3,9,Rainy,🌧️,06:30:00,20:00:00
2025-07-25 03:00:00,Delhi,32.8,30.5,48,4.8,1003.6,10,Snowy,❄️,06:30:00,20:00:00
2025-07-25 04:00:00,Delhi,23.2,21.8,63,7.2,1011.5,9,Cloudy,☁️,06:30:00,20:00:00
2025-07-25 05:00:00,Delhi,22.7,20.9,80,9.9,995.0,8,Cloudy,☁️,06:30:00,20:00:00
2025-07-25 06:00:00,Delhi,16.9,15.1,68,18.8,995.3,5,Hazy,🌫️,06:30:00,20:00:00
2025-07-25 07:00:00,Delhi,15.5,15.4,85,2.6,984.1,9,Stormy,🌩️,06:30:00,20:00:00
2025-07-25 08:00:00,Delhi,30.9,30.6,62,12.2,989.5,8,Rainy,🌧️,06:30:00,20:00:00
2025-07-25 09:00:00,Delhi,26.9,24.6,69,16.8,1005.8,3,Stormy,🌩️,06:30:00,20:00:00
2025-07-25 10:00:00,Delhi,28.2,27.7,82,8.3,980.9,4,Hazy,🌫️,06:30:00,20:00:00
2025-07-25 11:00:00,Delhi,17.0,16.1,86,15.5,980.6,1,Hazy,🌫️,06:30:00,20:00:00
2025-07-25 12:00:00,Delhi,16.8,16.7,87,7.9,1020.8,3,Cloudy,☁️,06:30:00,20:00:00
2025-07-25 13:00:00,Delhi,19.0,18.7,52,17.9,1030.7,5,Sunny,☀️,06:30:00,20:00:00
2025-07-25 14:00:00,Delhi,25.2,23.3,80,8.4,983.6,8,Hazy,🌫️,06:30:00,20:00:00
2025-07-25 15:00:00,Delhi,15.1,13.7,42,23.2,992.3,9,Sunny,☀️,06:30:00,20:00:00
2025-07-25 16:00:00,Delhi,32.9,30.5,86,9.3,1012.2,8,Rainy,🌧️,06:30:00,20:00:00
2025-07-25 17:00:00,Delhi,15.9,14.1,76,6.8,982.7,7,Stormy,🌩️,06:30:00,20:00:00
2025-07-25 18:00:00,Delhi,18.2,16.0,42,8.8,1033.6,7,Snowy,❄️,06:30:00,20:00:00
2025-07-25 19:00:00,Delhi,31.3,29.8,50,17.5,1021.5,6,Hazy,🌫️,06:30:00,20:00:00
2025-07-25 20:00:00,Delhi,18.5,16.8,90,17.3,1025.2,8,Snowy,❄️,06:30:00,20:00:00
2025-07-25 21:00:00,Delhi,31.1,29.4,77,5.3,1003.9,3,Rainy,🌧️,06:30:00,20:00:00
2025-07-25 22:00:00,Delhi,34.9,33.3,55,21.5,986.8,5,Sunny,☀️,06:30:00,20:00:00
2025-07-25 23:00:00,Delhi,27.4,25.8,71,24.1,1007.3,9,Rainy,🌧️,06:30:00,20:00:00
2025-07-26 00:00:00,Delhi,31.5,29.4,56,19.7,981.1,4,Sunny,☀️,06:30:00,20:00:00
2025-07-26 01:00:00,Delhi,28.2,27.0,76,10.1,1021.8,1,Rainy,🌧️,06:30:00,20:00:00
2025-07-26 02:00:00,Delhi,15.5,15.3,45,12.6,1012.9,5,Sunny,☀️,06:30:00,20:00:00
2025-07-26 03:00:00,Delhi,20.6,19.2,50,5.6,986.6,4,Cloudy,☁️,06:30:00,20:00:00
2025-07-26 04:00:00,Delhi,27.2,27.1,57,23.7,1020.2,2,Sunny,☀️,06:30:00,20:00:00
2025-07-26 05:00:00,Delhi,16.6,15.7,58,10.2,991.1,10,Rainy,🌧️,06:30:00,20:00:00
2025-07-26 06:00:00,Delhi,30.3,27.9,42,8.5,1018.1,6,Cloudy,☁️,06:30:00,20:00:00
2025-07-26 07:00:00,Delhi,18.6,17.6,89,24.9,1015.0,5,Rainy,🌧️,06:30:00,20:00:00
2025-07-26 08:00:00,Delhi,29.8,28.0,90,15.8,998.7,1,Sunny,☀️,06:30:00,20:00:00
2025-07-26 09:00:00,Delhi,32.3,30.1,89,13.0,1031.4,4,Snowy,❄️,06:30:00,20:00:00
2025-07-26 10:00:00,Delhi,27.7,27.0,50,3.2,1003.5,9,Rainy,🌧️,06:30:00,20:00:00
2025-07-26 11:00:00,Delhi,27.9,26.3,75,9.5,1029.6,7,Stormy,🌩️,06:30:00,20:00:00
2025-07-26 12:00:00,Delhi,30.1,27.8,47,5.6,998.7,10,Sunny,☀️,06:30:00,20:00:00
2025-07-26 13:00:00,Delhi,23.0,20.9,86,16.2,980.1,2,Snowy,❄️,06:30:00,20:00:00
2025-07-26 14:00:00,Delhi,28.0,27.1,65,12.0,987.8,5,Hazy,🌫️,06:30:00,20:00:00
2025-07-26 15:00:00,Delhi,28.0,25.9,42,10.8,1018.3,6,Cloudy,☁️,06:30:00,20:00:00
2025-07-26 16:00:00,Delhi,19.9,18.2,78,8.8,984.0,7,Hazy,🌫️,06:30:00,20:00:00
2025-07-26 17:00:00,Delhi,26.5,24.9,45,21.0,997.7,8,Stormy,🌩️,06:30:00,20:00:00
2025-07-26 18:00:00,Delhi,21.9,19.8,71,20.6,997.8,5,Rainy,🌧️,06:30:00,20:00:00
2025-07-26 19:00:00,Delhi,23.6,21.9,70,12.4,1015.5,8,Snowy,❄️,06:30:00,20:00:00
2025-07-26 20:00:00,Delhi,16.8,16.2,77,20.5,1005.6,7,Snowy,❄️,06:30:00,20:00:00
2025-07-26 21:00:00,Delhi,24.7,22.5,68,17.5,1013.3,4,Cloudy,☁️,06:30:00,20:00:00
2025-07-26 22:00:00,Delhi,15.2,14.6,84,2.3,1017.2,10,Cloudy,☁️,06:30:00,20:00:00
2025-07-26 23:00:00,Delhi,28.7,27.1,80,10.4,1016.6,3,Rainy,🌧️,06:30:00,20:00:00
2025-07-27 00:00:00,Delhi,31.4,29.4,69,4.2,1004.9,3,Sunny,☀️,06:30:00,20:00:00
2025-07-27 01:00:00,Delhi,23.5,22.2,70,8.1,1031.2,4,Hazy,🌫️,06:30:00,20:00:00
2025-07-27 02:00:00,Delhi,30.0,29.5,64,3.7,1011.0,5,Rainy,🌧️,06:30:00,20:00:00
2025-07-27 03:00:00,Delhi,21.9,21.5,53,6.9,1024.1,1,Cloudy,☁️,06:30:00,20:00:00
2025-07-27 04:00:00,Delhi,31.4,30.5,70,8.5,1003.0,4,Snowy,❄️,06:30:00,20:00:00
2025-07-27 05:00:00,Delhi,27.1,25.4,89,13.3,987.0,7,Hazy,🌫️,06:30:00,20:00:00
2025-07-27 06:00:00,Delhi,19.1,17.2,59,14.9,1020.2,6,Snowy,❄️,06:30:00,20:00:00
2025-07-27 07:00:00,Delhi,25.6,24.7,48,12.1,1009.0,3,Stormy,🌩️,06:30:00,20:00:00
2025-07-27 08:00:00,Delhi,32.2,31.2,68,4.9,983.1,10,Snowy,❄️,06:30:00,20:00:00
2025-07-27 09:00:00,Delhi,27.6,25.2,69,21.5,1014.9,1,Cloudy,☁️,06:30:00,20:00:00
2025-07-27 10:00:00,Delhi,27.7,27.2,84,7.7,1021.1,7,Hazy,🌫️,06:30:00,20:00:00
2025-07-27 11:00:00,Delhi,32.7,32.2,72,9.3,1017.1,1,Sunny,☀️,06:30:00,20:00:00
2025-07-27 12:00:00,Delhi,23.5,21.9,49,23.2,993.7,4,Snowy,❄️,06:30:00,20:00:00
2025-07-27 13:00:00,Delhi,28.8,27.8,79,20.5,1018.3,2,Stormy,🌩️,06:30:00,20:00:00
2025-07-27 14:00:00,Delhi,32.0,30.2,86,11.1,1007.7,2,Stormy,🌩️,06:30:00,20:00:00
2025-07-27 15:00:00,Delhi,32.5,30.7,60,18.2,1011.6,7,Snowy,❄️,06:30:00,20:00:00
2025-07-27 16:00:00,Delhi,15.1,14.0,46,8.3,1032.0,3,Rainy,🌧️,06:30:00,20:00:00
2025-07-27 17:00:00,Delhi,31.4,30.7,79,4.0,1033.4,3,Hazy,🌫️,06:30:00,20:00:00
2025-07-27 18:00:00,Delhi,23.5,21.9,63,14.1,997.2,3,Snowy,❄️,06:30:00,20:00:00
2025-07-27 19:00:00,Delhi,34.8,34.1,67,19.4,1010.1,2,Rainy,🌧️,06:30:00,20:00:00
2025-07-27 20:00:00,Delhi,34.5,32.3,60,5.8,1004.5,7,Cloudy,☁️,06:30:00,20:00:00
2025-07-27 21:00:00,Delhi,23.4,22.8,44,9.0,1004.7,9,Hazy,🌫️,06:30:00,20:00:00
2025-07-27 22:00:00,Delhi,26.7,25.5,85,4.6,1019.0,9,Cloudy,☁️,06:30:00,20:00:00
2025-07-27 23:00:00,Delhi,21.8,20.6,45,13.4,982.1,2,Rainy,🌧️,06:30:00,20:00:00
2025-07-28 00:00:00,Delhi,21.3,21.0,44,10.2,1020.7,4,Snowy,❄️,06:30:00,20:00:00
2025-07-28 01:00:00,Delhi,25.0,23.6,82,14.4,1030.8,2,Sunny,☀️,06:30:00,20:00:00
2025-07-28 02:00:00,Delhi,27.0,26.2,80,12.9,1000.1,10,Hazy,🌫️,06:30:00,20:00:00
2025-07-28 03:00:00,Delhi,34.5,34.1,66,6.8,1023.0,5,Cloudy,☁️,06:30:00,20:00:00
2025-07-28 04:00:00,Delhi,25.3,24.7,41,22.6,1025.3,8,Cloudy,☁️,06:30:00,20:00:00
2025-07-28 05:00:00,Delhi,19.2,19.0,43,23.9,998.1,8,Snowy,❄️,06:30:00,20:00:00
2025-07-28 06:00:00,Delhi,18.4,17.0,65,4.7,1001.0,5,Snowy,❄️,06:30:00,20:00:00
2025-07-28 07:00:00,Delhi,27.0,24.8,60,19.8,988.0,1,Sunny,☀️,06:30:00,20:00:00
2025-07-28 08:00:00,Delhi,23.3,21.9,64,23.5,999.3,6,Stormy,🌩️,06:30:00,20:00:00
2025-07-28 09:00:00,Delhi,23.7,23.5,51,18.9,1020.3,4,Stormy,🌩️,06:30:00,20:00:00
2025-07-28 10:00:00,Delhi,22.6,21.4,73,7.3,1019.3,9,Hazy,🌫️,06:30:00,20:00:00
2025-07-28 11:00:00,Delhi,22.4,20.4,43,18.9,996.2,8,Rainy,🌧️,06:30:00,20:00:00
2025-07-28 12:00:00,Delhi,22.2,19.8,60,13.7,996.4,8,Stormy,🌩️,06:30:00,20:00:00
2025-07-28 13:00:00,Delhi,29.5,28.5,67,16.9,1006.2,9,Rainy,🌧️,06:30:00,20:00:00
2025-07-28 14:00:00,Delhi,28.8,26.6,62,17.5,994.9,3,Sunny,☀️,06:30:00,20:00:00
2025-07-28 15:00:00,Delhi,28.0,27.3,62,19.0,1032.0,3,Sunny,☀️,06:30:00,20:00:00
2025-07-28 16:00:00,Delhi,31.1,30.4,49,7.2,997.8,9,Stormy,🌩️,06:30:00,20:00:00
2025-07-28 17:00:00,Delhi,18.1,17.2,53,4.1,983.4,7,Snowy,❄️,06:30:00,20:00:00
2025-07-28 18:00:00,Delhi,25.4,23.5,64,10.2,986.9,8,Hazy,🌫️,06:30:00,20:00:00
2025-07-28 19:00:00,Delhi,29.6,28.3,89,9.7,1031.0,4,Stormy,🌩️,06:30:00,20:00:00
2025-07-28 20:00:00,Delhi,31.1,28.8,46,2.5,1006.5,1,Cloudy,☁️,06:30:00,20:00:00
2025-07-28 21:00:00,Delhi,16.6,16.5,44,20.1,994.5,10,Cloudy,☁️,06:30:00,20:00:00
2025-07-28 22:00:00,Delhi,33.8,33.8,59,12.5,1004.4,8,Stormy,🌩️,06:30:00,20:00:00
2025-07-28 23:00:00,Delhi,25.3,25.0,52,11.5,986.8,5,Cloudy,☁️,06:30:00,20:00:00
2025-07-29 00:00:00,Delhi,30.4,29.6,87,13.9,994.7,6,Stormy,🌩️,06:30:00,20:00:00
2025-07-29 01:00:00,Delhi,25.1,23.6,85,11.6,991.2,10,Rainy,🌧️,06:30:00,20:00:00
2025-07-29 02:00:00,Delhi,32.2,29.7,85,2.1,1033.0,8,Sunny,☀️,06:30:00,20:00:00
2025-07-29 03:00:00,Delhi,19.4,17.5,59,17.7,1009.9,3,Snowy,❄️,06:30:00,20:00:00
2025-07-29 04:00:00,Delhi,34.1,32.9,50,3.3,999.1,2,Sunny,☀️,06:30:00,20:00:00
2025-07-29 05:00:00,Delhi,22.1,21.0,74,15.5,1013.8,7,Stormy,🌩️,06:30:00,20:00:00
2025-07-29 06:00:00,Delhi,27.7,26.5,85,21.5,1013.8,9,Cloudy,☁️,06:30:00,20:00:00
2025-07-29 07:00:00,Delhi,32.2,31.5,78,19.5,1004.5,2,Hazy,🌫️,06:30:00,20:00:00
2025-07-29 08:00:00,Delhi,27.4,27.0,77,5.9,984.0,10,Cloudy,☁️,06:30:00,20:00:00
2025-07-29 09:00:00,Delhi,16.9,16.2,47,24.8,1018.2,10,Sunny,☀️,06:30:00,20:00:00
2025-07-29 10:00:00,Delhi,34.7,32.3,74,12.4,1027.1,8,Snowy,❄️,06:30:00,20:00:00
2025-07-29 11:00:00,Delhi,33.8,31.5,71,5.2,1002.1,1,Cloudy,☁️,06:30:00,20:00:00
2025-07-29 12:00:00,Delhi,22.2,20.4,71,22.9,980.3,6,Rainy,🌧️,06:30:00,20:00:00
2025-07-29 13:00:00,Delhi,33.5,31.7,55,7.0,1012.7,7,Hazy,🌫️,06:30:00,20:00:00
2025-07-29 14:00:00,Delhi,33.1,31.7,84,20.4,1025.2,5,Rainy,🌧️,06:30:00,20:00:00
2025-07-29 15:00:00,Delhi,27.3,26.8,41,19.1,1014.7,3,Snowy,❄️,06:30:00,20:00:00
2025-07-29 16:00:00,Delhi,29.8,28.9,66,23.3,1032.2,4,Stormy,🌩️,06:30:00,20:00:00
2025-07-29 17:00:00,Delhi,29.2,27.3,73,6.3,1000.7,7,Hazy,🌫️,06:30:00,20:00:00
2025-07-29 18:00:00,Delhi,33.7,32.4,49,18.1,1014.6,5,Hazy,🌫️,06:30:00,20:00:00
2025-07-29 19:00:00,Delhi,24.7,23.4,86,16.4,1025.0,9,Rainy,🌧️,06:30:00,20:00:00
2025-07-29 20:00:00,Delhi,28.0,26.8,57,22.8,1002.6,1,Cloudy,☁️,06:30:00,20:00:00
2025-07-29 21:00:00,Delhi,24.5,24.5,42,11.0,980.4,2,Snowy,❄️,06:30:00,20:00:00
2025-07-29 22:00:00,Delhi,24.8,24.4,47,10.7,1019.3,3,Cloudy,☁️,06:30:00,20:00:00
2025-07-29 23:00:00,Delhi,22.0,21.6,63,6.2,985.9,4,Cloudy,☁️,06:30:00,20:00:00
